date,venue_id,venue_name,race_grade,race_no,predicted_rank,car_no,racer_id,name_kanji,prefecture,predicted_score,grade,rank
2026-01-14,23,取手,F1,1,1,7,15481.0,山川　奨太,熊本,2.11,Ａ２,3
2026-01-14,23,取手,F1,1,2,2,14601.0,小竹　洋平,福岡,2.31,Ａ１,2
2026-01-14,23,取手,F1,1,3,5,13353.0,吉永　好宏,広島,2.41,Ａ１,5
2026-01-14,23,取手,F1,1,4,1,15011.0,吉岡伸太郎,愛媛,2.57,Ａ２,6
2026-01-14,23,取手,F1,1,5,3,14737.0,河上　陽一,千葉,2.64,Ａ２,4
2026-01-14,23,取手,F1,1,6,6,14717.0,泉　　文人,福島,2.85,Ａ１,1
2026-01-14,23,取手,F1,1,7,4,15155.0,三浦　大輝,宮城,3.25,Ａ２,7
2026-01-14,23,取手,F1,2,1,1,13172.0,金子周一郎,埼玉,2.39,Ａ１,3
2026-01-14,23,取手,F1,2,2,2,15360.0,勝谷　勝治,三重,2.49,Ａ２,4
2026-01-14,23,取手,F1,2,3,5,15533.0,岩城　佑典,愛知,2.57,Ａ２,6
2026-01-14,23,取手,F1,2,4,7,15798.0,橋谷　成海,埼玉,2.61,Ａ２,7
2026-01-14,23,取手,F1,2,5,3,12380.0,近藤　修康,岡山,2.66,Ａ１,2
2026-01-14,23,取手,F1,2,6,4,15241.0,山田　祐太,福島,2.79,Ａ２,5
2026-01-14,23,取手,F1,2,7,6,15482.0,松本　一志,宮崎,2.86,Ａ２,1
2026-01-14,23,取手,F1,3,1,7,15048.0,志佐　　明,神奈,2.24,Ａ１,4
2026-01-14,23,取手,F1,3,2,5,14820.0,中井　勇介,大阪,2.34,Ａ１,1
2026-01-14,23,取手,F1,3,3,1,13695.0,岡本　英之,千葉,2.44,Ａ１,2
2026-01-14,23,取手,F1,3,4,4,14132.0,三澤　康人,宮城,2.52,Ａ１,3
2026-01-14,23,取手,F1,3,5,2,14057.0,松田　優一,茨城,2.53,Ａ２,6
2026-01-14,23,取手,F1,3,6,3,15187.0,鮫島　康治,大阪,2.65,Ａ２,7
2026-01-14,23,取手,F1,3,7,6,14315.0,西谷　岳文,京都,3.07,Ａ２,5
2026-01-14,23,取手,F1,4,1,2,15726.0,龍野琳太郎,岡山,2.17,Ａ１,2
2026-01-14,23,取手,F1,4,2,3,15721.0,内山　慧大,福井,2.2,Ａ１,7
2026-01-14,23,取手,F1,4,3,7,14185.0,隅　　貴史,山口,2.32,Ａ２,1
2026-01-14,23,取手,F1,4,4,4,13716.0,佐藤　　亙,愛知,2.42,Ａ１,5
2026-01-14,23,取手,F1,4,5,6,14220.0,山崎　　悟,茨城,2.48,Ａ２,4
2026-01-14,23,取手,F1,4,6,5,14332.0,芳野　　匠,愛媛,2.55,Ａ２,2
2026-01-14,23,取手,F1,4,7,1,13270.0,中川　貴史,三重,2.85,Ａ２,6
2026-01-14,23,取手,F1,5,1,3,15678.0,小林真矢香,石川,2.0,Ｌ１,1
2026-01-14,23,取手,F1,5,2,4,15491.0,當銘沙恵美,愛知,2.13,Ｌ１,3
2026-01-14,23,取手,F1,5,3,5,15488.0,中村　美那,神奈,2.21,Ｌ１,2
2026-01-14,23,取手,F1,5,4,6,15856.0,野寺　　梓,静岡,2.4,Ｌ１,5
2026-01-14,23,取手,F1,5,5,2,15576.0,菅原ななこ,宮城,2.49,Ｌ１,4
2026-01-14,23,取手,F1,5,6,1,15075.0,溝口　香奈,大分,2.63,Ｌ１,6
2026-01-14,23,取手,F1,6,1,5,15040.0,隅田　洋介,岡山,2.38,Ｓ１,5
2026-01-14,23,取手,F1,6,2,1,12421.0,小沼　　良,埼玉,2.69,Ｓ２,4
2026-01-14,23,取手,F1,6,3,4,14147.0,柿沼　信也,埼玉,2.8,Ｓ２,6
2026-01-14,23,取手,F1,6,4,2,13883.0,高津　晃治,岡山,2.93,Ｓ２,1
2026-01-14,23,取手,F1,6,5,3,14740.0,須藤　　悟,千葉,3.25,Ｓ２,2
2026-01-14,23,取手,F1,6,6,6,12886.0,中井　達郎,静岡,3.33,Ｓ２,3
2026-01-14,23,取手,F1,7,1,1,13719.0,吉田　敏洋,愛知,2.25,Ｓ２,4
2026-01-14,23,取手,F1,7,2,7,13959.0,鷲田　佳史,福井,2.63,Ｓ２,6
2026-01-14,23,取手,F1,7,3,2,13772.0,岡村　　潤,静岡,2.68,Ｓ２,1
2026-01-14,23,取手,F1,7,4,3,14929.0,小酒　大勇,宮崎,2.89,Ｓ２,7
2026-01-14,23,取手,F1,7,5,5,13410.0,伊勢崎彰大,千葉,2.97,Ｓ２,3
2026-01-14,23,取手,F1,7,6,6,15713.0,望月　湧世,静岡,3.62,Ｓ２,2
2026-01-14,23,取手,F1,7,7,4,13679.0,真崎新太郎,栃木,4.24,Ｓ２,5
2026-01-14,23,取手,F1,8,1,5,13245.0,佐藤　真一,東京,2.3,Ｓ２,6
2026-01-14,23,取手,F1,8,2,2,15334.0,朝倉　智仁,茨城,2.3,Ｓ２,5
2026-01-14,23,取手,F1,8,3,1,14038.0,橋本　　強,愛媛,2.32,Ｓ１,3
2026-01-14,23,取手,F1,8,4,7,14537.0,西村　光太,三重,2.36,Ｓ１,4
2026-01-14,23,取手,F1,8,5,3,15716.0,尾方　祐仁,岐阜,2.69,Ｓ２,7
2026-01-14,23,取手,F1,8,6,4,15418.0,原　　大智,宮城,3.23,Ｓ２,2
2026-01-14,23,取手,F1,8,7,6,15288.0,薦田　将伍,愛媛,3.44,Ｓ２,1
2026-01-14,23,取手,F1,9,1,2,15731.0,西田　優大,広島,1.96,Ｓ１,6
2026-01-14,23,取手,F1,9,2,1,14833.0,高久保雄介,京都,2.29,Ｓ１,故
2026-01-14,23,取手,F1,9,3,5,15195.0,久保田泰弘,山口,2.42,Ｓ２,3
2026-01-14,23,取手,F1,9,4,3,15347.0,武田　　亮,東京,2.44,Ｓ２,1
2026-01-14,23,取手,F1,9,5,4,15342.0,福田　　滉,栃木,2.55,Ｓ２,2
2026-01-14,23,取手,F1,9,6,7,15124.0,山本　拳也,高知,2.57,Ｓ２,4
2026-01-14,23,取手,F1,9,7,6,15539.0,上杉　嘉槻,福井,2.58,Ｓ２,5
2026-01-14,23,取手,F1,10,1,1,15080.0,児玉　碧衣,福岡,1.18,Ｌ１,1
2026-01-14,23,取手,F1,10,2,4,15952.0,酒井　亜樹,大阪,1.71,Ｌ１,5
2026-01-14,23,取手,F1,10,3,7,15939.0,半田　水晶,茨城,1.92,Ｌ１,3
2026-01-14,23,取手,F1,10,4,2,15392.0,加藤　　舞,沖縄,1.93,Ｌ１,2
2026-01-14,23,取手,F1,10,5,5,15314.0,向井　　円,大阪,2.24,Ｌ１,6
2026-01-14,23,取手,F1,10,6,3,15763.0,山口　優依,愛知,2.37,Ｌ１,7
2026-01-14,23,取手,F1,10,7,6,15863.0,磯村　光舞,山口,2.53,Ｌ１,4
2026-01-14,23,取手,F1,11,1,6,15917.0,猿樂　楓樹,岡山,1.56,Ａ２,1
2026-01-14,23,取手,F1,11,2,3,15734.0,岡崎　陸登,愛媛,2.13,Ａ１,3
2026-01-14,23,取手,F1,11,3,7,13890.0,藤原　　浩,高知,2.17,Ａ１,4
2026-01-14,23,取手,F1,11,4,2,14688.0,西田　大志,福岡,2.42,Ａ１,6
2026-01-14,23,取手,F1,11,5,4,14720.0,高橋　広大,埼玉,2.47,Ａ１,2
2026-01-14,23,取手,F1,11,6,5,15752.0,石川　航大,宮崎,2.47,Ａ１,7
2026-01-14,23,取手,F1,11,7,1,15505.0,荻原　寿嗣,北海,2.59,Ａ２,5
2026-01-14,23,取手,F1,12,1,2,14744.0,和田真久留,神奈,1.76,Ｓ１,2
2026-01-14,23,取手,F1,12,2,7,14380.0,根田　空史,千葉,1.83,Ｓ１,7
2026-01-14,23,取手,F1,12,3,3,13162.0,佐藤慎太郎,福島,2.01,Ｓ１,4
2026-01-14,23,取手,F1,12,4,6,15038.0,山岸　佳太,茨城,2.16,Ｓ１,1
2026-01-14,23,取手,F1,12,5,1,15518.0,吉田　有希,茨城,2.18,Ｓ１,5
2026-01-14,23,取手,F1,12,6,5,15362.0,脇本　勇希,福井,2.25,Ｓ１,6
2026-01-14,23,取手,F1,12,7,4,14505.0,雨谷　一樹,栃木,2.62,Ｓ１,3
2026-01-14,28,立川,F2,1,1,4,15941.0,川原　未紀,千葉,2.11,Ｌ１,1
2026-01-14,28,立川,F2,1,2,3,15759.0,星野　しほ,東京,2.3,Ｌ１,5
2026-01-14,28,立川,F2,1,3,6,15670.0,萩原　瑞生,群馬,2.37,Ｌ１,4
2026-01-14,28,立川,F2,1,4,5,15852.0,普久原美海,栃木,2.56,Ｌ１,3
2026-01-14,28,立川,F2,1,5,2,15321.0,比嘉真梨代,沖縄,2.78,Ｌ１,7
2026-01-14,28,立川,F2,1,6,7,15133.0,佐藤　友香,青森,3.05,Ｌ１,2
2026-01-14,28,立川,F2,1,7,1,15767.0,木下　　宙,大阪,5.95,Ｌ１,6
2026-01-14,28,立川,F2,2,1,1,12559.0,相良　勝美,福島,2.09,Ａ３,1
2026-01-14,28,立川,F2,2,2,5,15158.0,猪野　泰介,山形,2.27,Ａ３,2
2026-01-14,28,立川,F2,2,3,4,12656.0,柴田　　健,神奈,2.32,Ａ３,3
2026-01-14,28,立川,F2,2,4,3,12329.0,松尾　正人,熊本,2.4,Ａ３,4
2026-01-14,28,立川,F2,2,5,2,14034.0,鳥丸　晃順,岡山,2.42,Ａ３,5
2026-01-14,28,立川,F2,2,6,6,14745.0,吉竹　雄城,千葉,2.95,Ａ３,6
2026-01-14,28,立川,F2,3,1,5,14533.0,加藤　正法,愛知,2.27,Ａ３,5
2026-01-14,28,立川,F2,3,2,2,15542.0,中嶋　　樹,大阪,2.29,Ａ３,1
2026-01-14,28,立川,F2,3,3,4,14099.0,坂本　佳憲,大阪,2.43,Ａ３,2
2026-01-14,28,立川,F2,3,4,6,11741.0,澤亀　浩司,福岡,2.56,Ａ３,6
2026-01-14,28,立川,F2,3,5,3,13023.0,吉田　英二,東京,2.71,Ａ３,4
2026-01-14,28,立川,F2,3,6,1,14667.0,藤本　龍也,長野,2.87,Ａ３,3
2026-01-14,28,立川,F2,4,1,1,14583.0,吉田　昌弘,埼玉,2.09,Ａ３,7
2026-01-14,28,立川,F2,4,2,4,14777.0,竹村　達也,高知,2.28,Ａ３,1
2026-01-14,28,立川,F2,4,3,5,15708.0,山口　直樹,神奈,2.45,Ａ３,2
2026-01-14,28,立川,F2,4,4,6,12725.0,浦山　一栄,東京,2.62,Ａ３,4
2026-01-14,28,立川,F2,4,5,2,12197.0,奥山　雅士,静岡,2.71,Ａ３,5
2026-01-14,28,立川,F2,4,6,3,12677.0,花村　直人,三重,2.72,Ａ３,6
2026-01-14,28,立川,F2,4,7,7,14433.0,長田　彰人,宮城,2.81,Ａ３,3
2026-01-14,28,立川,F2,5,1,1,13784.0,太田　雅之,三重,1.8,Ａ３,3
2026-01-14,28,立川,F2,5,2,4,12299.0,増成　富夫,岡山,2.04,Ａ３,5
2026-01-14,28,立川,F2,5,3,2,13176.0,早川　成矢,埼玉,2.18,Ａ３,1
2026-01-14,28,立川,F2,5,4,7,12042.0,山原　利秀,高知,2.52,Ａ３,2
2026-01-14,28,立川,F2,5,5,5,12634.0,大薗　　宏,茨城,2.54,Ａ３,6
2026-01-14,28,立川,F2,5,6,3,13027.0,戸ノ下太郎,千葉,2.74,Ａ３,4
2026-01-14,28,立川,F2,5,7,6,12885.0,田中　智也,静岡,3.15,Ａ３,7
2026-01-14,28,立川,F2,6,1,1,14974.0,山原さくら,山口,1.28,Ｌ１,1
2026-01-14,28,立川,F2,6,2,3,15485.0,青木　美保,埼玉,1.9,Ｌ１,失
2026-01-14,28,立川,F2,6,3,2,15503.0,田中　月菜,佐賀,2.14,Ｌ１,2
2026-01-14,28,立川,F2,6,4,5,15672.0,松本　詩乃,東京,2.15,Ｌ１,落
2026-01-14,28,立川,F2,6,5,6,,梶原　百香,福岡,2.18,Ｌ１,落
2026-01-14,28,立川,F2,6,6,7,15224.0,太田　美穂,三重,2.24,Ｌ１,落
2026-01-14,28,立川,F2,6,7,4,15394.0,三森　彩桜,福島,2.32,Ｌ１,3
2026-01-14,28,立川,F2,7,1,2,15872.0,池田　充槻,秋田,1.54,Ａ３,6
2026-01-14,28,立川,F2,7,2,1,15893.0,岩辺　　陸,静岡,1.87,Ａ３,1
2026-01-14,28,立川,F2,7,3,3,15898.0,岩原　健馬,愛知,2.05,Ａ３,2
2026-01-14,28,立川,F2,7,4,6,13531.0,伊藤　　司,福島,2.13,Ａ３,5
2026-01-14,28,立川,F2,7,5,7,15930.0,野津　宏介,福岡,2.37,Ａ３,3
2026-01-14,28,立川,F2,7,6,5,14349.0,佐藤　純嘉,青森,2.41,Ａ３,7
2026-01-14,28,立川,F2,7,7,4,15523.0,邊見　祐太,新潟,2.8,Ａ３,4
2026-01-14,35,平塚,F2,1,1,1,15398.0,藤田まりあ,埼玉,1.85,Ｌ１,1
2026-01-14,35,平塚,F2,1,2,4,15854.0,伊澤　茉那,千葉,1.94,Ｌ１,5
2026-01-14,35,平塚,F2,1,3,2,15076.0,元砂七夕美,奈良,2.04,Ｌ１,4
2026-01-14,35,平塚,F2,1,4,3,15764.0,宇野　紅音,岐阜,2.11,Ｌ１,3
2026-01-14,35,平塚,F2,1,5,5,15216.0,加藤　　恵,青森,2.13,Ｌ１,2
2026-01-14,35,平塚,F2,1,6,6,15573.0,蛯原　杏奈,北海,2.42,Ｌ１,6
2026-01-14,35,平塚,F2,1,7,7,15585.0,山本さくら,愛知,2.59,Ｌ１,7
2026-01-14,35,平塚,F2,2,1,1,15231.0,大久保花梨,福岡,1.6,Ｌ１,3
2026-01-14,35,平塚,F2,2,2,3,15069.0,細田　愛未,埼玉,1.91,Ｌ１,4
2026-01-14,35,平塚,F2,2,3,2,15408.0,高尾貴美歌,長崎,1.98,Ｌ１,2
2026-01-14,35,平塚,F2,2,4,7,14909.0,浦部　郁里,千葉,2.04,Ｌ１,5
2026-01-14,35,平塚,F2,2,5,4,15487.0,永塚　祐子,神奈,2.23,Ｌ１,1
2026-01-14,35,平塚,F2,2,6,6,15147.0,佐々木恵理,愛知,2.48,Ｌ１,7
2026-01-14,35,平塚,F2,2,7,5,15313.0,豊岡　英子,大阪,2.49,Ｌ１,6
2026-01-14,35,平塚,F2,3,1,5,15644.0,中野光太郎,徳島,2.07,Ａ１,1
2026-01-14,35,平塚,F2,3,2,2,14230.0,山田　義彦,埼玉,2.3,Ａ１,2
2026-01-14,35,平塚,F2,3,3,1,14325.0,蓮井　祐輝,香川,2.34,Ａ１,3
2026-01-14,35,平塚,F2,3,4,4,14223.0,瀧野　勝太,群馬,2.76,Ａ２,4
2026-01-14,35,平塚,F2,3,5,7,14383.0,河野　　要,神奈,2.78,Ａ２,6
2026-01-14,35,平塚,F2,3,6,6,15506.0,佐藤　啓斗,青森,2.8,Ａ２,7
2026-01-14,35,平塚,F2,3,7,3,13914.0,小谷田公則,福島,2.86,Ａ２,5
2026-01-14,35,平塚,F2,4,1,1,15191.0,奥村　諭志,岡山,2.0,Ａ１,3
2026-01-14,35,平塚,F2,4,2,3,15277.0,高井　流星,岡山,2.21,Ａ１,6
2026-01-14,35,平塚,F2,4,3,2,14270.0,小原　将通,大分,2.57,Ａ１,1
2026-01-14,35,平塚,F2,4,4,4,15650.0,田代　　匠,福岡,2.59,Ａ２,2
2026-01-14,35,平塚,F2,4,5,5,11417.0,小川　　巧,岡山,2.69,Ａ２,7
2026-01-14,35,平塚,F2,4,6,7,14120.0,永田　修一,熊本,2.92,Ａ２,4
2026-01-14,35,平塚,F2,4,7,6,12944.0,渡邊　恭典,栃木,3.06,Ａ２,5
2026-01-14,35,平塚,F2,5,1,1,15205.0,島村　　匠,福岡,1.87,Ａ１,1
2026-01-14,35,平塚,F2,5,2,3,15657.0,高橋　優斗,大分,2.14,Ａ１,2
2026-01-14,35,平塚,F2,5,3,6,13075.0,平　　総一,熊本,2.29,Ａ２,7
2026-01-14,35,平塚,F2,5,4,4,13760.0,矢口啓一郎,群馬,2.51,Ａ１,3
2026-01-14,35,平塚,F2,5,5,2,14862.0,坂本将太郎,栃木,2.53,Ａ１,4
2026-01-14,35,平塚,F2,5,6,5,12861.0,小坂　敏之,栃木,3.04,Ａ２,5
2026-01-14,35,平塚,F2,5,7,7,12439.0,河合　康晴,静岡,3.12,Ａ２,6
2026-01-14,35,平塚,F2,6,1,2,14797.0,佐々木吉徳,秋田,2.24,Ａ１,1
2026-01-14,35,平塚,F2,6,2,1,14302.0,武田　憲祐,神奈,2.44,Ａ１,2
2026-01-14,35,平塚,F2,6,3,4,14300.0,上野　真吾,神奈,2.45,Ａ２,3
2026-01-14,35,平塚,F2,6,4,7,15384.0,天野　純平,佐賀,2.59,Ａ２,6
2026-01-14,35,平塚,F2,6,5,5,14048.0,川島　　勝,長崎,2.71,Ａ２,5
2026-01-14,35,平塚,F2,6,6,3,13925.0,黒田　　篤,栃木,2.71,Ａ２,7
2026-01-14,35,平塚,F2,6,7,6,14008.0,甲斐　康昭,群馬,2.79,Ａ２,4
2026-01-14,35,平塚,F2,7,1,3,14267.0,一ノ瀬　匠,佐賀,2.1,Ａ１,1
2026-01-14,35,平塚,F2,7,2,1,15015.0,野口　大誠,熊本,2.2,Ａ１,4
2026-01-14,35,平塚,F2,7,3,4,15642.0,眞砂　英作,香川,2.52,Ａ２,3
2026-01-14,35,平塚,F2,7,4,2,14281.0,寺林　正秋,宮城,2.56,Ａ１,2
2026-01-14,35,平塚,F2,7,5,7,13099.0,大橋　直人,埼玉,2.59,Ａ２,5
2026-01-14,35,平塚,F2,7,6,6,13742.0,葛西雄太郎,愛媛,2.63,Ａ２,6
2026-01-14,35,平塚,F2,7,7,5,13654.0,滝山　　実,徳島,3.03,Ａ１,7
2026-01-14,35,平塚,F2,8,1,1,14224.0,矢島　一弥,群馬,2.33,Ａ１,1
2026-01-14,35,平塚,F2,8,2,2,15796.0,川田　真也,埼玉,2.35,Ａ２,7
2026-01-14,35,平塚,F2,8,3,6,15659.0,池田伍功羽,熊本,2.49,Ａ２,4
2026-01-14,35,平塚,F2,8,4,3,12164.0,堀　　政美,茨城,2.54,Ａ２,2
2026-01-14,35,平塚,F2,8,5,5,13916.0,白石　大輔,福島,2.56,Ａ１,5
2026-01-14,35,平塚,F2,8,6,4,14333.0,阿部　兼士,福岡,2.62,Ａ２,3
2026-01-14,35,平塚,F2,8,7,7,13006.0,佐々木健司,青森,3.07,Ａ２,6
2026-01-14,35,平塚,F2,9,1,6,15161.0,吉田　昌司,埼玉,1.77,Ａ１,1
2026-01-14,35,平塚,F2,9,2,4,15616.0,齋藤　雄行,神奈,2.08,Ａ１,6
2026-01-14,35,平塚,F2,9,3,2,14005.0,山本　健也,千葉,2.29,Ａ１,3
2026-01-14,35,平塚,F2,9,4,7,15258.0,栗本　尚宗,千葉,2.31,Ａ１,7
2026-01-14,35,平塚,F2,9,5,3,13568.0,大木　雅也,静岡,2.57,Ａ１,4
2026-01-14,35,平塚,F2,9,6,5,13054.0,石丸　寛之,岡山,2.65,Ａ１,5
2026-01-14,35,平塚,F2,9,7,1,14222.0,木暮　安由,群馬,3.22,Ａ１,2
2026-01-14,43,岐阜,F1,1,1,5,15750.0,徳永　泰粋,熊本,2.16,Ａ１,2
2026-01-14,43,岐阜,F1,1,2,3,15635.0,藤岡　徹也,兵庫,2.46,Ａ１,1
2026-01-14,43,岐阜,F1,1,3,4,13735.0,井上　　剛,岡山,2.47,Ａ２,6
2026-01-14,43,岐阜,F1,1,4,1,15181.0,栗田　万生,千葉,2.53,Ａ１,5
2026-01-14,43,岐阜,F1,1,5,2,14637.0,吉成　貴博,熊本,2.62,Ａ２,4
2026-01-14,43,岐阜,F1,1,6,7,14277.0,山口　慎吾,北海,2.69,Ａ２,3
2026-01-14,43,岐阜,F1,1,7,6,14369.0,中川　拓也,群馬,3.04,Ａ２,7
2026-01-14,43,岐阜,F1,2,1,2,15809.0,高野　信元,愛知,2.26,Ａ２,1
2026-01-14,43,岐阜,F1,2,2,3,15108.0,吉田　篤史,奈良,2.38,Ａ２,3
2026-01-14,43,岐阜,F1,2,3,6,13201.0,北川　紋部,福井,2.45,Ａ２,5
2026-01-14,43,岐阜,F1,2,4,7,14980.0,田原　宥明,北海,2.56,Ａ１,7
2026-01-14,43,岐阜,F1,2,5,1,14776.0,川上　修平,高知,2.58,Ａ２,6
2026-01-14,43,岐阜,F1,2,6,4,14280.0,井上　公利,宮城,2.63,Ａ２,4
2026-01-14,43,岐阜,F1,2,7,5,14393.0,柴田　祐也,岐阜,3.01,Ａ２,2
2026-01-14,43,岐阜,F1,3,1,2,14823.0,渡辺　　聖,神奈,2.29,Ａ２,4
2026-01-14,43,岐阜,F1,3,2,6,14459.0,根藤　浩二,千葉,2.47,Ａ２,7
2026-01-14,43,岐阜,F1,3,3,7,13493.0,立花　成泰,岡山,2.52,Ａ１,2
2026-01-14,43,岐阜,F1,3,4,5,14594.0,太田　剛司,愛知,2.54,Ａ１,1
2026-01-14,43,岐阜,F1,3,5,3,14620.0,二條　祐也,徳島,2.7,Ａ１,5
2026-01-14,43,岐阜,F1,3,6,4,15419.0,黒滝　大翔,茨城,2.71,Ａ２,3
2026-01-14,43,岐阜,F1,3,7,1,13041.0,三浦　稔希,愛知,2.72,Ａ１,6
2026-01-14,43,岐阜,F1,4,1,5,15471.0,中村　翔平,福岡,2.25,Ａ２,7
2026-01-14,43,岐阜,F1,4,2,1,14044.0,八尋　英輔,福岡,2.5,Ａ１,6
2026-01-14,43,岐阜,F1,4,3,6,12845.0,林　　成人,愛媛,2.77,Ａ２,5
2026-01-14,43,岐阜,F1,4,4,3,14428.0,鹿内　　翔,青森,2.77,Ａ１,2
2026-01-14,43,岐阜,F1,4,5,7,15701.0,石田　典大,東京,2.78,Ａ２,1
2026-01-14,43,岐阜,F1,4,6,4,14102.0,篠塚　光一,兵庫,2.81,Ａ２,4
2026-01-14,43,岐阜,F1,4,7,2,14091.0,伊原　弘幸,福井,2.91,Ａ１,3
2026-01-14,43,岐阜,F1,5,1,3,14151.0,宿口　潤平,埼玉,2.33,Ｓ２,6
2026-01-14,43,岐阜,F1,5,2,1,13295.0,佐々木則幸,高知,2.43,Ｓ２,4
2026-01-14,43,岐阜,F1,5,3,2,14800.0,伊東　翔貴,福島,2.5,Ｓ２,3
2026-01-14,43,岐阜,F1,5,4,4,13045.0,岩本　和也,石川,2.61,Ｓ２,5
2026-01-14,43,岐阜,F1,5,5,6,13996.0,丸山　貴秀,秋田,2.99,Ｓ２,2
2026-01-14,43,岐阜,F1,5,6,7,15454.0,小松原正登,福井,3.02,Ｓ２,1
2026-01-14,43,岐阜,F1,5,7,5,15741.0,堀川敬太郎,福岡,3.25,Ｓ２,7
2026-01-14,43,岐阜,F1,6,1,1,13274.0,八日市屋浩,石川,2.4,Ｓ２,2
2026-01-14,43,岐阜,F1,6,2,5,14259.0,戸田　洋平,岡山,2.4,Ｓ２,1
2026-01-14,43,岐阜,F1,6,3,3,14465.0,村上　直久,神奈,2.46,Ｓ２,7
2026-01-14,43,岐阜,F1,6,4,2,14613.0,黒田　　淳,岡山,2.57,Ｓ２,4
2026-01-14,43,岐阜,F1,6,5,4,15717.0,児玉虎之介,岐阜,3.61,Ｓ２,3
2026-01-14,43,岐阜,F1,6,6,7,14082.0,高橋　雅之,千葉,3.78,Ｓ２,6
2026-01-14,43,岐阜,F1,6,7,6,13407.0,大矢　将大,埼玉,4.05,Ｓ２,5
2026-01-14,43,岐阜,F1,7,1,2,15480.0,松本秀之介,熊本,2.26,Ｓ１,1
2026-01-14,43,岐阜,F1,7,2,5,13368.0,牧　　剛央,大分,2.51,Ｓ２,2
2026-01-14,43,岐阜,F1,7,3,1,15706.0,山田　駿斗,千葉,2.72,Ｓ２,4
2026-01-14,43,岐阜,F1,7,4,3,14435.0,伊藤　勝太,愛知,3.01,Ｓ２,6
2026-01-14,43,岐阜,F1,7,5,4,12785.0,小橋　明紀,青森,3.03,Ｓ２,5
2026-01-14,43,岐阜,F1,7,6,7,15535.0,佐藤　竜太,愛知,3.35,Ｓ２,7
2026-01-14,43,岐阜,F1,7,7,6,12478.0,加倉　正義,福岡,3.97,Ｓ２,3
2026-01-14,43,岐阜,F1,8,1,4,15369.0,谷　　和也,大阪,2.07,Ｓ１,5
2026-01-14,43,岐阜,F1,8,2,1,14886.0,山本　伸一,奈良,2.07,Ｓ１,6
2026-01-14,43,岐阜,F1,8,3,7,14564.0,塚本　大樹,熊本,2.18,Ｓ１,1
2026-01-14,43,岐阜,F1,8,4,5,14504.0,杉本　正隆,茨城,2.39,Ｓ２,4
2026-01-14,43,岐阜,F1,8,5,2,15066.0,原口　昌平,福岡,2.53,Ｓ２,2
2026-01-14,43,岐阜,F1,8,6,3,15784.0,高橋　　舜,宮城,2.91,Ｓ２,7
2026-01-14,43,岐阜,F1,8,7,6,15547.0,米嶋　恵介,岡山,2.93,Ｓ２,3
2026-01-14,43,岐阜,F1,9,1,5,15268.0,山田　　諒,岐阜,1.93,Ｓ１,1
2026-01-14,43,岐阜,F1,9,2,4,14553.0,久米　　良,徳島,2.26,Ｓ１,2
2026-01-14,43,岐阜,F1,9,3,2,15645.0,室井蓮太朗,徳島,2.47,Ｓ２,3
2026-01-14,43,岐阜,F1,9,4,1,15123.0,清水　一幸,大阪,2.63,Ｓ２,7
2026-01-14,43,岐阜,F1,9,5,7,14864.0,土屋　壮登,埼玉,2.64,Ｓ２,5
2026-01-14,43,岐阜,F1,9,6,3,15604.0,安彦　統賀,埼玉,2.77,Ｓ２,6
2026-01-14,43,岐阜,F1,9,7,6,15536.0,疋田　力也,愛知,2.87,Ｓ２,4
2026-01-14,43,岐阜,F1,10,1,3,13917.0,成田　和也,福島,2.05,Ｓ１,4
2026-01-14,43,岐阜,F1,10,2,1,14817.0,佐藤　　壮,千葉,2.31,Ｓ２,5
2026-01-14,43,岐阜,F1,10,3,6,14298.0,蒔田　英彦,千葉,2.33,Ｓ２,7
2026-01-14,43,岐阜,F1,10,4,7,15517.0,橋本　壮史,茨城,2.35,Ｓ２,6
2026-01-14,43,岐阜,F1,10,5,2,15363.0,田中　大我,奈良,2.38,Ｓ２,1
2026-01-14,43,岐阜,F1,10,6,5,15104.0,中川　勝貴,福井,2.52,Ｓ２,2
2026-01-14,43,岐阜,F1,10,7,4,14041.0,田中　　誠,福岡,2.57,Ｓ２,3
2026-01-14,43,岐阜,F1,11,1,4,14728.0,三好恵一郎,群馬,1.43,Ａ１,5
2026-01-14,43,岐阜,F1,11,2,5,13632.0,川口　直人,神奈,2.22,Ａ１,6
2026-01-14,43,岐阜,F1,11,3,1,14672.0,吉田　茂生,岐阜,2.24,Ａ１,4
2026-01-14,43,岐阜,F1,11,4,7,15728.0,保田　浩輔,岡山,2.25,Ａ１,7
2026-01-14,43,岐阜,F1,11,5,3,14952.0,多田　晃紀,岡山,2.32,Ａ１,3
2026-01-14,43,岐阜,F1,11,6,6,14658.0,馬場　和広,埼玉,2.38,Ａ１,2
2026-01-14,43,岐阜,F1,11,7,2,14452.0,長井　優斗,東京,2.88,Ａ１,1
2026-01-14,43,岐阜,F1,12,1,2,15597.0,太田　海也,岡山,1.44,Ｓ１,1
2026-01-14,43,岐阜,F1,12,2,3,15431.0,鈴木　玄人,東京,1.9,Ｓ１,6
2026-01-14,43,岐阜,F1,12,3,6,13656.0,渡部　哲男,愛媛,2.11,Ｓ１,7
2026-01-14,43,岐阜,F1,12,4,1,15537.0,志田　龍星,岐阜,2.11,Ｓ１,2
2026-01-14,43,岐阜,F1,12,5,4,12596.0,志智　俊夫,岐阜,2.16,Ｓ１,4
2026-01-14,43,岐阜,F1,12,6,7,14055.0,芦澤　大輔,茨城,2.21,Ｓ１,5
2026-01-14,43,岐阜,F1,12,7,5,15474.0,阿部　将大,大分,2.62,Ｓ１,3
2026-01-14,53,奈良,F2,1,1,2,15355.0,磯村　蓮太,愛知,2.26,Ａ３,4
2026-01-14,53,奈良,F2,1,2,4,14407.0,森　　佑樹,岡山,2.3,Ａ３,1
2026-01-14,53,奈良,F2,1,3,1,12913.0,増田　鉄男,徳島,2.34,Ａ３,2
2026-01-14,53,奈良,F2,1,4,3,12597.0,塚本　貴雄,岐阜,2.41,Ａ３,3
2026-01-14,53,奈良,F2,1,5,5,12319.0,高尾　剛文,福岡,2.5,Ａ３,5
2026-01-14,53,奈良,F2,1,6,6,12241.0,松木　竜也,愛媛,3.13,Ａ３,7
2026-01-14,53,奈良,F2,1,7,7,11451.0,重　　一徳,鹿児,3.2,Ａ３,6
2026-01-14,53,奈良,F2,2,1,1,13371.0,足達　重満,長崎,1.82,Ａ３,1
2026-01-14,53,奈良,F2,2,2,2,15112.0,日浦　崇道,和歌,2.19,Ａ３,4
2026-01-14,53,奈良,F2,2,3,4,15571.0,吉田　　悟,熊本,2.23,Ａ３,7
2026-01-14,53,奈良,F2,2,4,3,14772.0,細田　純平,広島,2.43,Ａ３,3
2026-01-14,53,奈良,F2,2,5,7,14693.0,高田　大輔,岡山,2.5,Ａ３,6
2026-01-14,53,奈良,F2,2,5,7,14693.0,高田　大輔,岡山,2.5,Ａ３,6
2026-01-14,53,奈良,F2,2,6,5,12982.0,上原　直樹,岡山,2.57,Ａ３,2
2026-01-14,53,奈良,F2,2,7,6,13728.0,伊狩　知人,奈良,2.88,Ａ３,5
2026-01-14,53,奈良,F2,3,1,2,15910.0,土生　智徳,大阪,1.65,Ａ３,1
2026-01-14,53,奈良,F2,3,2,1,12216.0,武田　哲二,京都,2.07,Ａ３,2
2026-01-14,53,奈良,F2,3,3,5,14559.0,田山　　誠,長崎,2.55,Ａ３,7
2026-01-14,53,奈良,F2,3,4,3,13591.0,山本　宏明,徳島,2.68,Ａ３,6
2026-01-14,53,奈良,F2,3,5,4,14855.0,東　　隆之,宮崎,2.7,Ａ３,4
2026-01-14,53,奈良,F2,3,6,6,12753.0,柳澤　達也,兵庫,2.76,Ａ３,3
2026-01-14,53,奈良,F2,3,7,7,14413.0,松本　充生,愛媛,2.82,Ａ３,5
2026-01-14,53,奈良,F2,4,1,1,13069.0,白川　有司,福岡,2.21,Ａ３,1
2026-01-14,53,奈良,F2,4,2,2,15743.0,丸林　駿太,福岡,2.32,Ａ３,2
2026-01-14,53,奈良,F2,4,3,6,14395.0,竹田　慎一,富山,2.44,Ａ３,6
2026-01-14,53,奈良,F2,4,4,4,14257.0,岡崎　克政,岡山,2.45,Ａ３,7
2026-01-14,53,奈良,F2,4,5,5,13972.0,富永　昌久,佐賀,2.53,Ａ３,3
2026-01-14,53,奈良,F2,4,6,3,12694.0,志村　達也,広島,2.87,Ａ３,5
2026-01-14,53,奈良,F2,4,7,7,11847.0,赤松　誠一,高知,6.11,Ａ３,4
2026-01-14,53,奈良,F2,5,1,3,14997.0,下岡　優季,愛知,2.28,Ａ２,3
2026-01-14,53,奈良,F2,5,2,5,15372.0,野上　竜太,岡山,2.6,Ａ１,6
2026-01-14,53,奈良,F2,5,3,2,13507.0,吉岡　篤志,徳島,2.66,Ａ２,1
2026-01-14,53,奈良,F2,5,4,4,13895.0,松尾　大樹,長崎,2.81,Ａ２,4
2026-01-14,53,奈良,F2,5,5,7,14392.0,北村　　篤,岐阜,2.82,Ａ２,5
2026-01-14,53,奈良,F2,5,6,6,14707.0,飯塚　直人,佐賀,2.82,Ａ２,2
2026-01-14,53,奈良,F2,5,7,1,14026.0,高橋　成英,愛知,4.61,Ａ１,7
2026-01-14,53,奈良,F2,6,1,3,15459.0,中村　泰輔,和歌,1.91,Ａ２,1
2026-01-14,53,奈良,F2,6,2,1,15185.0,布居　大地,和歌,2.05,Ａ１,2
2026-01-14,53,奈良,F2,6,3,4,13580.0,河村　章憲,京都,2.34,Ａ２,6
2026-01-14,53,奈良,F2,6,4,5,13809.0,杉山　　剛,福岡,2.5,Ａ２,5
2026-01-14,53,奈良,F2,6,5,2,12679.0,坂上　忠克,石川,2.71,Ａ１,4
2026-01-14,53,奈良,F2,6,6,6,13974.0,大竹野裕樹,鹿児,2.81,Ａ２,3
2026-01-14,53,奈良,F2,6,7,7,14753.0,山田　純也,岐阜,2.93,Ａ２,7
2026-01-14,53,奈良,F2,7,1,1,13885.0,柳谷　　崇,岡山,2.25,Ａ１,2
2026-01-14,53,奈良,F2,7,2,2,15548.0,白井優太朗,広島,2.3,Ａ２,1
2026-01-14,53,奈良,F2,7,3,5,14699.0,小川　大地,愛知,2.65,Ａ２,3
2026-01-14,53,奈良,F2,7,4,3,15456.0,安藤　直希,京都,2.77,Ａ１,7
2026-01-14,53,奈良,F2,7,5,6,14832.0,宮西　　翼,石川,2.82,Ａ２,6
2026-01-14,53,奈良,F2,7,6,4,12529.0,木本　賢二,大阪,2.94,Ａ２,5
2026-01-14,53,奈良,F2,7,7,7,13206.0,岡崎　和久,奈良,3.16,Ａ２,4
2026-01-14,53,奈良,F2,8,1,3,15753.0,枝村　弘樹,宮崎,2.3,Ａ１,6
2026-01-14,53,奈良,F2,8,2,1,13667.0,田中　洋輔,宮崎,2.34,Ａ１,3
2026-01-14,53,奈良,F2,8,3,4,13363.0,宇根　秀俊,愛媛,2.47,Ａ１,4
2026-01-14,53,奈良,F2,8,4,2,15266.0,福田　真平,愛知,2.49,Ａ１,1
2026-01-14,53,奈良,F2,8,5,5,15102.0,奥出　　良,石川,2.61,Ａ２,2
2026-01-14,53,奈良,F2,8,6,6,13131.0,藤野　一良,大阪,2.76,Ａ１,5
2026-01-14,53,奈良,F2,8,7,7,15827.0,藤原　夏志,大阪,3.07,Ａ２,7
2026-01-14,53,奈良,F2,9,1,1,14767.0,藤井　栄二,兵庫,0.99,Ａ１,1
2026-01-14,53,奈良,F2,9,2,2,14310.0,三谷　政史,奈良,1.95,Ａ１,3
2026-01-14,53,奈良,F2,9,3,7,15733.0,都築　　巧,高知,1.98,Ａ１,7
2026-01-14,53,奈良,F2,9,4,4,15719.0,出口謙一郎,岐阜,2.16,Ａ１,2
2026-01-14,53,奈良,F2,9,5,6,15651.0,中川　聖大,福岡,2.25,Ａ１,4
2026-01-14,53,奈良,F2,9,6,3,13863.0,吉田　健市,愛知,2.83,Ａ１,5
2026-01-14,53,奈良,F2,9,7,5,13196.0,竹田　和幸,岐阜,2.88,Ａ１,6
2026-01-14,56,岸和田,F2,1,1,3,15047.0,加藤　健一,神奈,2.24,Ａ３,1
2026-01-14,56,岸和田,F2,1,2,2,13266.0,伊藤　嘉浩,岐阜,2.46,Ａ３,5
2026-01-14,56,岸和田,F2,1,3,5,11821.0,中川　博文,福井,2.46,Ａ３,4
2026-01-14,56,岸和田,F2,1,4,1,13927.0,高橋　由記,群馬,2.47,Ａ３,6
2026-01-14,56,岸和田,F2,1,5,7,13470.0,畠山　裕行,神奈,2.48,Ａ３,2
2026-01-14,56,岸和田,F2,1,6,6,14516.0,村松　俊弥,山梨,2.59,Ａ３,7
2026-01-14,56,岸和田,F2,1,7,4,14381.0,吉澤　　賢,千葉,2.97,Ａ３,3
2026-01-14,56,岸和田,F2,2,1,1,15111.0,布居　　翼,和歌,2.29,Ａ３,1
2026-01-14,56,岸和田,F2,2,2,7,12290.0,小西　芳樹,大阪,2.3,Ａ３,4
2026-01-14,56,岸和田,F2,2,3,3,13454.0,関戸　　努,宮城,2.38,Ａ３,5
2026-01-14,56,岸和田,F2,2,4,5,14443.0,堀内　　昇,茨城,2.48,Ａ３,2
2026-01-14,56,岸和田,F2,2,5,4,12509.0,岡嵜　浩一,神奈,2.76,Ａ３,7
2026-01-14,56,岸和田,F2,2,6,6,14019.0,長崎　達也,神奈,2.79,Ａ３,6
2026-01-14,56,岸和田,F2,2,7,2,12346.0,宮原　貴之,栃木,2.98,Ａ３,3
2026-01-14,56,岸和田,F2,3,1,5,15894.0,大塚　　城,静岡,1.49,Ａ３,1
2026-01-14,56,岸和田,F2,3,2,3,15909.0,馬越　裕之,奈良,1.9,Ａ３,2
2026-01-14,56,岸和田,F2,3,3,1,14739.0,里見　恒平,千葉,2.39,Ａ３,4
2026-01-14,56,岸和田,F2,3,4,2,14662.0,櫻井　宏樹,東京,2.68,Ａ３,5
2026-01-14,56,岸和田,F2,3,5,4,14713.0,鈴木　裕斗,宮城,2.71,Ａ３,7
2026-01-14,56,岸和田,F2,3,6,6,14678.0,樋口有樹郎,兵庫,2.76,Ａ３,3
2026-01-14,56,岸和田,F2,3,7,7,13926.0,早坂　道義,栃木,2.81,Ａ３,6
2026-01-14,56,岸和田,F2,4,1,7,15886.0,中川　飛隆,新潟,1.79,Ａ３,3
2026-01-14,56,岸和田,F2,4,2,4,15908.0,川村　峻輝,京都,1.89,Ａ３,1
2026-01-14,56,岸和田,F2,4,3,5,15054.0,谷本　奨輝,岐阜,2.15,Ａ３,2
2026-01-14,56,岸和田,F2,4,4,1,13128.0,梶原　秀庸,大阪,2.42,Ａ３,5
2026-01-14,56,岸和田,F2,4,5,2,14072.0,伊藤　之人,東京,2.43,Ａ３,4
2026-01-14,56,岸和田,F2,4,6,3,12827.0,光岡　義洋,愛知,2.54,Ａ３,7
2026-01-14,56,岸和田,F2,4,7,6,11994.0,藤光　健一,東京,2.71,Ａ３,6
2026-01-14,56,岸和田,F2,5,1,3,15490.0,杉浦　菜留,愛知,1.94,Ｌ１,3
2026-01-14,56,岸和田,F2,5,2,6,15947.0,北岡マリア,石川,2.05,Ｌ１,1
2026-01-14,56,岸和田,F2,5,3,2,15946.0,伊藤木々音,岐阜,2.16,Ｌ１,5
2026-01-14,56,岸和田,F2,5,4,1,14910.0,篠崎　新純,千葉,2.21,Ｌ１,2
2026-01-14,56,岸和田,F2,5,5,5,15684.0,安東　莉奈,大分,2.28,Ｌ１,4
2026-01-14,56,岸和田,F2,5,6,4,15148.0,中嶋　里美,愛知,2.28,Ｌ１,6
2026-01-14,56,岸和田,F2,5,7,7,14897.0,岡村　育子,埼玉,3.22,Ｌ１,7
2026-01-14,56,岸和田,F2,6,1,5,15311.0,柳原　真緒,福井,1.52,Ｌ１,1
2026-01-14,56,岸和田,F2,6,2,1,15018.0,高橋　梨香,埼玉,1.91,Ｌ１,3
2026-01-14,56,岸和田,F2,6,3,3,15150.0,宮地　寧々,岐阜,1.98,Ｌ１,2
2026-01-14,56,岸和田,F2,6,4,6,15954.0,北津留千羽,福岡,2.25,Ｌ１,4
2026-01-14,56,岸和田,F2,6,5,2,15591.0,松本ちひろ,山口,2.41,Ｌ１,7
2026-01-14,56,岸和田,F2,6,6,7,15851.0,片岡　美奈,栃木,2.51,Ｌ１,5
2026-01-14,56,岸和田,F2,6,7,4,15957.0,成海　綾香,沖縄,2.92,Ｌ１,6
2026-01-14,56,岸和田,F2,7,1,4,14172.0,山田　隼司,岐阜,2.25,Ａ２,3
2026-01-14,56,岸和田,F2,7,2,6,14470.0,板橋　慎治,岐阜,2.38,Ａ２,1
2026-01-14,56,岸和田,F2,7,3,2,13575.0,渡会　啓介,愛知,2.5,Ａ２,1
2026-01-14,56,岸和田,F2,7,4,5,14934.0,渋谷　　錬,神奈,2.52,Ａ２,6
2026-01-14,56,岸和田,F2,7,5,3,14859.0,小林　申太,茨城,2.57,Ａ１,4
2026-01-14,56,岸和田,F2,7,6,7,13838.0,山田　　武,群馬,2.6,Ａ２,7
2026-01-14,56,岸和田,F2,7,7,1,13036.0,深澤　伸介,静岡,2.67,Ａ２,5
2026-01-14,56,岸和田,F2,8,1,4,11712.0,金田健一郎,大阪,2.45,Ａ２,7
2026-01-14,56,岸和田,F2,8,2,3,14933.0,奥原　　亨,神奈,2.58,Ａ１,2
2026-01-14,56,岸和田,F2,8,3,7,15531.0,深瀬　泰我,静岡,2.59,Ａ１,1
2026-01-14,56,岸和田,F2,8,4,2,15698.0,佐藤譲士郎,埼玉,2.6,Ａ１,3
2026-01-14,56,岸和田,F2,8,5,6,15720.0,山元　大夢,石川,2.66,Ａ２,6
2026-01-14,56,岸和田,F2,8,6,1,13951.0,永井　清史,岐阜,2.7,Ａ２,5
2026-01-14,56,岸和田,F2,8,7,5,14069.0,渡邊　政幸,埼玉,3.0,Ａ２,4
2026-01-14,56,岸和田,F2,9,1,1,14981.0,磯島　康祐,青森,1.48,Ａ１,2
2026-01-14,56,岸和田,F2,9,2,2,12283.0,富永　益生,愛知,1.87,Ａ１,3
2026-01-14,56,岸和田,F2,9,3,3,14178.0,伊原　克彦,福井,2.13,Ａ１,5
2026-01-14,56,岸和田,F2,9,4,5,15331.0,宇佐見優介,福島,2.29,Ａ２,1
2026-01-14,56,岸和田,F2,9,5,7,15003.0,小笹　隼人,奈良,2.41,Ａ１,6
2026-01-14,56,岸和田,F2,9,6,4,13571.0,小林　信晴,愛知,2.64,Ａ１,4
2026-01-14,56,岸和田,F2,9,7,6,15110.0,小出　慎也,和歌,2.98,Ａ２,7
2026-01-14,56,岸和田,F2,10,1,7,13766.0,武井　大介,千葉,1.63,Ａ１,4
2026-01-14,56,岸和田,F2,10,2,3,15896.0,丸山　留依,静岡,1.75,Ａ２,1
2026-01-14,56,岸和田,F2,10,3,5,13800.0,中村　一将,兵庫,1.85,Ａ１,2
2026-01-14,56,岸和田,F2,10,4,2,14032.0,藤田　　真,兵庫,2.07,Ａ２,7
2026-01-14,56,岸和田,F2,10,5,6,14755.0,奥出健士郎,福井,2.5,Ａ２,6
2026-01-14,56,岸和田,F2,10,6,1,14748.0,山口　智弘,愛知,2.52,Ａ１,3
2026-01-14,56,岸和田,F2,10,7,4,13910.0,高橋　秀吉,秋田,2.95,Ａ１,5
2026-01-14,56,岸和田,F2,11,1,5,15113.0,酒井　拳蔵,大阪,1.8,Ａ１,1
2026-01-14,56,岸和田,F2,11,2,2,14225.0,伊藤　　亮,埼玉,2.23,Ａ１,4
2026-01-14,56,岸和田,F2,11,3,7,13283.0,小林　卓人,大阪,2.33,Ａ１,2
2026-01-14,56,岸和田,F2,11,4,1,13792.0,辰己　　豊,奈良,2.46,Ａ２,5
2026-01-14,56,岸和田,F2,11,5,4,13782.0,原　　真司,岐阜,2.53,Ａ１,3
2026-01-14,56,岸和田,F2,11,6,3,15265.0,井田　晶之,三重,2.64,Ａ１,7
2026-01-14,56,岸和田,F2,11,7,6,14438.0,緑川　修平,福島,2.71,Ａ２,6
2026-01-14,81,小倉,F2,1,1,1,13161.0,齋藤　和也,福島,2.3,Ａ３,6
2026-01-14,81,小倉,F2,1,2,5,13080.0,阿部　利光,宮城,2.46,Ａ３,4
2026-01-14,81,小倉,F2,1,3,3,14287.0,齋藤　昌太,栃木,2.49,Ａ３,5
2026-01-14,81,小倉,F2,1,4,4,14872.0,玉村　元気,香川,2.52,Ａ３,2
2026-01-14,81,小倉,F2,1,5,7,15549.0,阿部　龍也,山口,2.68,Ａ３,3
2026-01-14,81,小倉,F2,1,6,2,15062.0,大室　　翔,岡山,2.81,Ａ３,1
2026-01-14,81,小倉,F2,1,7,6,13397.0,鈴木龍之介,栃木,6.27,Ａ３,7
2026-01-14,81,小倉,F2,2,1,1,14880.0,野見　泰要,岡山,1.72,Ａ３,1
2026-01-14,81,小倉,F2,2,2,5,13299.0,五十嵐博一,熊本,2.14,Ａ３,3
2026-01-14,81,小倉,F2,2,3,7,13145.0,瓦田　勝也,福岡,2.41,Ａ３,2
2026-01-14,81,小倉,F2,2,4,2,11766.0,齋藤　　明,北海,2.47,Ａ３,5
2026-01-14,81,小倉,F2,2,5,4,12005.0,藤田　和彦,神奈,2.52,Ａ３,4
2026-01-14,81,小倉,F2,2,6,3,14463.0,久保　将史,神奈,2.95,Ａ３,6
2026-01-14,81,小倉,F2,2,7,6,14798.0,三浦平志郎,秋田,6.17,Ａ３,7
2026-01-14,81,小倉,F2,3,1,4,11935.0,高嶋　一朗,岡山,2.17,Ａ３,1
2026-01-14,81,小倉,F2,3,2,1,13767.0,松丸　裕紀,福岡,2.31,Ａ３,2
2026-01-14,81,小倉,F2,3,3,7,15012.0,勝部　貴博,福岡,2.33,Ａ３,5
2026-01-14,81,小倉,F2,3,4,6,15710.0,鈴木　康平,静岡,2.45,Ａ３,6
2026-01-14,81,小倉,F2,3,5,2,14209.0,加美山隆行,宮城,2.59,Ａ３,4
2026-01-14,81,小倉,F2,3,6,5,15887.0,星野　京旺,新潟,2.68,Ａ３,落
2026-01-14,81,小倉,F2,3,7,3,13771.0,吉川　　誠,神奈,2.91,Ａ３,3
2026-01-14,81,小倉,F2,4,1,3,15888.0,水澤　秀哉,千葉,1.54,Ａ３,4
2026-01-14,81,小倉,F2,4,2,5,14389.0,村本　慎吾,静岡,2.11,Ａ３,2
2026-01-14,81,小倉,F2,4,3,1,14778.0,宮崎　一彰,高知,2.19,Ａ３,1
2026-01-14,81,小倉,F2,4,4,4,15210.0,白濱　一平,長崎,2.38,Ａ３,3
2026-01-14,81,小倉,F2,4,5,2,14989.0,鈴木　　豪,福島,2.42,Ａ３,6
2026-01-14,81,小倉,F2,4,6,6,14067.0,工藤　考生,埼玉,2.47,Ａ３,7
2026-01-14,81,小倉,F2,4,7,7,13143.0,鳥生　知八,愛媛,2.66,Ａ３,5
2026-01-14,81,小倉,F2,5,1,4,15027.0,長澤　　彩,福岡,1.96,Ｌ１,7
2026-01-14,81,小倉,F2,5,2,1,15865.0,豊田　美香,徳島,1.99,Ｌ１,4
2026-01-14,81,小倉,F2,5,3,5,15769.0,松井　優佳,大阪,2.0,Ｌ１,1
2026-01-14,81,小倉,F2,5,4,3,15493.0,増田　夕華,岐阜,2.04,Ｌ１,3
2026-01-14,81,小倉,F2,5,5,2,14970.0,小坂　知子,岐阜,2.27,Ｌ１,2
2026-01-14,81,小倉,F2,5,6,7,15674.0,野寺　　楓,静岡,2.35,Ｌ１,5
2026-01-14,81,小倉,F2,5,7,6,15938.0,牧田　咲子,青森,2.7,Ｌ１,6
2026-01-14,81,小倉,F2,6,1,3,15501.0,尾方　真生,福岡,1.47,Ｌ１,1
2026-01-14,81,小倉,F2,6,2,4,15680.0,藤原　春陽,徳島,2.01,Ｌ１,4
2026-01-14,81,小倉,F2,6,3,5,15082.0,高橋　朋恵,東京,2.11,Ｌ１,7
2026-01-14,81,小倉,F2,6,4,6,14966.0,田中　まい,千葉,2.21,Ｌ１,3
2026-01-14,81,小倉,F2,6,5,1,14904.0,渡辺ゆかり,山梨,2.28,Ｌ１,6
2026-01-14,81,小倉,F2,6,6,2,15669.0,河内　桜雪,群馬,2.31,Ｌ１,2
2026-01-14,81,小倉,F2,6,7,7,15945.0,橋本　のこ,愛知,2.56,Ｌ１,5
2026-01-14,81,小倉,F2,7,1,1,15264.0,渡邉　直弥,静岡,2.43,Ａ２,3
2026-01-14,81,小倉,F2,7,2,7,14340.0,古川　貴之,佐賀,2.5,Ａ１,1
2026-01-14,81,小倉,F2,7,3,2,15568.0,田川　翔琉,熊本,2.55,Ａ１,2
2026-01-14,81,小倉,F2,7,4,6,13434.0,石黒　　健,広島,2.66,Ａ１,4
2026-01-14,81,小倉,F2,7,5,5,12878.0,安藤　宜明,神奈,2.73,Ａ２,6
2026-01-14,81,小倉,F2,7,6,3,13494.0,土井　　勲,岡山,2.86,Ａ２,5
2026-01-14,81,小倉,F2,7,7,4,13298.0,井手　　健,長崎,2.97,Ａ２,欠
2026-01-14,81,小倉,F2,8,1,4,13980.0,森田　康嗣,北海,2.24,Ａ１,2
2026-01-14,81,小倉,F2,8,2,3,15091.0,樋口　瑛土,東京,2.38,Ａ２,7
2026-01-14,81,小倉,F2,8,3,1,15215.0,照屋　将貴,沖縄,2.61,Ａ２,4
2026-01-14,81,小倉,F2,8,4,5,12875.0,中曽　直彦,千葉,2.68,Ａ１,6
2026-01-14,81,小倉,F2,8,5,7,13892.0,梶山裕次郎,福岡,2.83,Ａ２,5
2026-01-14,81,小倉,F2,8,6,6,13456.0,小林　和彦,群馬,3.04,Ａ２,3
2026-01-14,81,小倉,F2,8,7,2,15806.0,山本　天平,千葉,3.61,Ａ２,1
2026-01-14,81,小倉,F2,9,1,4,15929.0,鶴　　淳志,福岡,2.01,Ａ２,1
2026-01-14,81,小倉,F2,9,2,5,14954.0,日野　博幸,愛媛,2.1,Ａ１,5
2026-01-14,81,小倉,F2,9,3,1,14323.0,連佛　康浩,岡山,2.21,Ａ１,6
2026-01-14,81,小倉,F2,9,4,3,14993.0,副島　和人,神奈,2.32,Ａ１,3
2026-01-14,81,小倉,F2,9,5,7,15432.0,水森　湧太,東京,2.41,Ａ１,7
2026-01-14,81,小倉,F2,9,6,2,14269.0,梶原　恵介,大分,2.59,Ａ１,2
2026-01-14,81,小倉,F2,9,7,6,14344.0,園田　鉄兵,熊本,3.01,Ａ２,4
2026-01-14,81,小倉,F2,10,1,7,14730.0,中田　健太,埼玉,1.63,Ａ１,1
2026-01-14,81,小倉,F2,10,2,2,14630.0,利根　正明,大分,2.13,Ａ１,6
2026-01-14,81,小倉,F2,10,3,1,15712.0,松本　京太,静岡,2.22,Ａ１,2
2026-01-14,81,小倉,F2,10,4,4,14876.0,冨尾　享平,沖縄,2.31,Ａ２,7
2026-01-14,81,小倉,F2,10,5,3,13968.0,越智　展孝,愛媛,2.42,Ａ１,4
2026-01-14,81,小倉,F2,10,6,6,12838.0,三木　健治,沖縄,2.54,Ａ２,5
2026-01-14,81,小倉,F2,10,7,5,13976.0,明田　春喜,北海,2.91,Ａ２,3
2026-01-14,81,小倉,F2,11,1,5,15345.0,浅見　　隼,福岡,1.73,Ａ１,2
2026-01-14,81,小倉,F2,11,2,4,15926.0,諸隈健太郎,高知,2.44,Ａ２,1
2026-01-14,81,小倉,F2,11,3,1,13594.0,高田　真幸,福岡,2.48,Ａ２,7
2026-01-14,81,小倉,F2,11,4,3,14035.0,伊藤　大彦,徳島,2.59,Ａ１,4
2026-01-14,81,小倉,F2,11,5,7,14205.0,日当　泰之,青森,2.63,Ａ２,5
2026-01-14,81,小倉,F2,11,6,6,14272.0,松田　直也,大分,2.65,Ａ２,6
2026-01-14,81,小倉,F2,11,7,2,13993.0,佐藤　朋也,秋田,2.88,Ａ１,3
