date,venue_id,venue_name,race_no,rank_within_race,car_no,name_kanji,predicted_rank
2025-06-07,11,函館,1,1,2,町田　勝志,2.41
2025-06-07,11,函館,1,2,1,堀　　勝政,2.81
2025-06-07,11,函館,1,3,4,青木　亮太,3.24
2025-06-07,11,函館,1,4,5,梶山　大輔,3.41
2025-06-07,11,函館,1,5,3,邊見　祐太,4.78
2025-06-07,11,函館,1,5,6,安藤　雄一,4.78
2025-06-07,11,函館,1,7,7,田　　典幸,5.90
2025-06-07,11,函館,2,1,4,明星　晴道,2.11
2025-06-07,11,函館,2,2,1,福田　健太,2.71
2025-06-07,11,函館,2,3,2,大澤　哉太,3.51
2025-06-07,11,函館,2,3,3,三登　誉哲,3.51
2025-06-07,11,函館,2,5,5,玉木　英典,4.83
2025-06-07,11,函館,2,6,7,志村　正洋,4.91
2025-06-07,11,函館,2,7,6,松木　竜也,5.33
2025-06-07,11,函館,3,1,1,角　　宗哉,1.02
2025-06-07,11,函館,3,2,2,山口幸太郎,2.02
2025-06-07,11,函館,3,3,5,小林　高志,2.80
2025-06-07,11,函館,3,4,3,佐藤　裕輝,3.27
2025-06-07,11,函館,3,5,4,田崎良太郎,3.33
2025-06-07,11,函館,3,6,6,塚本　　諭,4.94
2025-06-07,11,函館,3,7,7,鈴木龍之介,5.05
2025-06-07,11,函館,4,1,1,藤田　祐大,0.57
2025-06-07,11,函館,4,2,3,藤野　竜也,3.00
2025-06-07,11,函館,4,3,4,白木　正彦,3.56
2025-06-07,11,函館,4,4,7,藤原　義晴,4.73
2025-06-07,11,函館,4,5,5,永山　英司,5.39
2025-06-07,11,函館,4,6,2,望月裕一郎,5.77
2025-06-07,11,函館,4,7,6,角口　聖也,6.31
2025-06-07,11,函館,5,1,4,池田伍功羽,3.05
2025-06-07,11,函館,5,2,2,栗田　万生,3.39
2025-06-07,11,函館,5,3,3,原岡泰志郎,3.77
2025-06-07,11,函館,5,4,6,南部　亮太,3.95
2025-06-07,11,函館,5,5,1,小林　圭介,4.19
2025-06-07,11,函館,5,6,5,川口　秀人,4.26
2025-06-07,11,函館,5,7,7,伊藤　一貴,6.77
2025-06-07,11,函館,6,1,3,井寺　亮太,2.11
2025-06-07,11,函館,6,2,2,大島　将人,3.29
2025-06-07,11,函館,6,3,4,安藤　宜明,3.70
2025-06-07,11,函館,6,4,1,根本　雄紀,4.47
2025-06-07,11,函館,6,5,7,鈴木　康平,4.53
2025-06-07,11,函館,6,6,5,山信田　学,5.36
2025-06-07,11,函館,6,7,6,舟山　佑京,6.26
2025-06-07,11,函館,7,1,1,中野光太郎,2.73
2025-06-07,11,函館,7,2,2,隅　　直幸,4.02
2025-06-07,11,函館,7,3,5,大越　啓介,4.64
2025-06-07,11,函館,7,4,7,白川　将太,4.88
2025-06-07,11,函館,7,5,4,深澤　伸介,5.37
2025-06-07,11,函館,7,6,6,伊藤　彰規,5.43
2025-06-07,11,函館,7,7,3,野間　　司,5.73
2025-06-07,11,函館,8,1,1,小堀　敢太,1.69
2025-06-07,11,函館,8,2,2,高木　　翔,4.54
2025-06-07,11,函館,8,3,3,阿部　英光,4.63
2025-06-07,11,函館,8,4,5,荻野　　哲,4.95
2025-06-07,11,函館,8,5,4,郡　　英治,5.65
2025-06-07,11,函館,8,6,7,森　　佑樹,5.68
2025-06-07,11,函館,8,7,6,大沼　孝行,5.74
2025-06-07,11,函館,9,1,1,中村　隆生,3.06
2025-06-07,11,函館,9,2,3,八谷　誠賢,3.36
2025-06-07,11,函館,9,3,7,野口　大誠,3.55
2025-06-07,11,函館,9,4,2,中村弘之輔,4.45
2025-06-07,11,函館,9,5,5,高橋　陽介,4.47
2025-06-07,11,函館,9,6,6,近藤　修康,5.38
2025-06-07,11,函館,9,7,4,小川　圭二,5.91
2025-06-07,12,青森,1,1,1,久保　将史,2.75
2025-06-07,12,青森,1,2,2,橋本　祐司,3.00
2025-06-07,12,青森,1,3,4,山崎　明寛,3.19
2025-06-07,12,青森,1,4,3,菊池　崇訓,3.66
2025-06-07,12,青森,1,5,5,山田慎一郎,3.76
2025-06-07,12,青森,1,6,6,椿　　佳友,4.45
2025-06-07,12,青森,2,1,4,吉田　英二,2.57
2025-06-07,12,青森,2,2,2,吉田　勇気,3.28
2025-06-07,12,青森,2,3,3,服部　竜二,3.83
2025-06-07,12,青森,2,4,1,前島　恭平,3.96
2025-06-07,12,青森,2,5,5,近藤　直幹,4.24
2025-06-07,12,青森,2,6,6,木村　健司,4.92
2025-06-07,12,青森,3,1,1,住村　　実,2.91
2025-06-07,12,青森,3,2,5,高田　大輔,3.16
2025-06-07,12,青森,3,3,2,千原　洋晋,3.82
2025-06-07,12,青森,3,4,7,光岡　義洋,4.27
2025-06-07,12,青森,3,5,4,赤石　　聡,5.67
2025-06-07,12,青森,3,6,6,太田　貴之,5.88
2025-06-07,12,青森,3,7,3,島田　茂希,5.99
2025-06-07,12,青森,4,1,1,伊藤　　司,1.13
2025-06-07,12,青森,4,2,4,福森慎太郎,3.40
2025-06-07,12,青森,4,3,2,陶器　一馬,3.57
2025-06-07,12,青森,4,4,3,法月　成祐,4.22
2025-06-07,12,青森,4,4,5,相良　勝美,4.22
2025-06-07,12,青森,4,6,7,岡崎　克政,4.44
2025-06-07,12,青森,4,7,6,齋藤　　明,5.25
2025-06-07,12,青森,5,1,2,入田　龍馬,1.06
2025-06-07,12,青森,5,2,5,手島　志誠,2.34
2025-06-07,12,青森,5,3,1,浜田　翔平,3.35
2025-06-07,12,青森,5,4,3,中野　　良,4.09
2025-06-07,12,青森,5,5,4,西郷　　剛,4.53
2025-06-07,12,青森,5,6,7,松本　琢也,4.84
2025-06-07,12,青森,5,7,6,佐藤　純嘉,4.89
2025-06-07,12,青森,6,1,5,秋末　　蓮,2.33
2025-06-07,12,青森,6,2,4,中井　　修,2.90
2025-06-07,12,青森,6,3,3,塚本　勝士,3.83
2025-06-07,12,青森,6,4,2,吉澤　　賢,4.35
2025-06-07,12,青森,6,5,6,丸山　勝也,4.67
2025-06-07,12,青森,6,6,7,米倉　剛志,4.86
2025-06-07,12,青森,6,7,1,澤亀　浩司,4.90
2025-06-07,12,青森,7,1,1,小田　恭介,1.59
2025-06-07,12,青森,7,2,5,岡部　陸斗,2.58
2025-06-07,12,青森,7,3,4,佐藤　正吾,3.10
2025-06-07,12,青森,7,4,2,小林　　健,3.58
2025-06-07,12,青森,7,5,6,亀井　宏佳,3.98
2025-06-07,12,青森,7,6,3,近藤　圭佑,4.13
2025-06-07,12,青森,7,7,7,渡邊　一洋,4.85
2025-06-07,34,川崎,1,1,2,小林　和彦,2.58
2025-06-07,34,川崎,1,2,1,山本　天平,3.08
2025-06-07,34,川崎,1,3,5,對馬　太陽,3.25
2025-06-07,34,川崎,1,4,3,吉竹　雄城,3.53
2025-06-07,34,川崎,1,5,4,横田　政直,4.77
2025-06-07,34,川崎,1,6,6,元砂　海人,5.19
2025-06-07,34,川崎,1,7,7,鈴木　規純,5.49
2025-06-07,34,川崎,2,1,5,伊藤　嘉浩,2.09
2025-06-07,34,川崎,2,2,2,油谷　　蒼,2.52
2025-06-07,34,川崎,2,3,3,田村　純一,2.55
2025-06-07,34,川崎,2,4,1,坂元　洋行,3.38
2025-06-07,34,川崎,2,5,4,石川　一浩,4.15
2025-06-07,34,川崎,2,6,6,今村　俊雄,4.46
2025-06-07,34,川崎,2,7,7,郷坪　和博,5.52
2025-06-07,34,川崎,3,1,1,吉田　優斗,1.95
2025-06-07,34,川崎,3,2,2,井坂　泰誓,2.60
2025-06-07,34,川崎,3,3,3,相澤　恵一,2.86
2025-06-07,34,川崎,3,4,4,伊狩　知人,3.08
2025-06-07,34,川崎,3,5,7,長崎　達也,4.50
2025-06-07,34,川崎,3,6,5,杉山　正和,4.63
2025-06-07,34,川崎,3,7,6,浦野　慈生,5.36
2025-06-07,34,川崎,4,1,1,高野　信元,1.07
2025-06-07,34,川崎,4,2,2,前田　拓也,2.76
2025-06-07,34,川崎,4,3,6,山城　光央,4.21
2025-06-07,34,川崎,4,4,5,佐川　拓也,5.07
2025-06-07,34,川崎,4,5,4,黒田　　充,5.51
2025-06-07,34,川崎,4,6,3,齋藤　昌太,6.00
2025-06-07,34,川崎,4,7,7,浦山　一栄,6.79
2025-06-07,34,川崎,5,1,2,藤岡　徹也,2.61
2025-06-07,34,川崎,5,2,1,寺沼　将彦,3.25
2025-06-07,34,川崎,5,3,3,上田　　隼,3.46
2025-06-07,34,川崎,5,4,4,石田　典大,3.80
2025-06-07,34,川崎,5,5,5,宮澤　　晃,3.97
2025-06-07,34,川崎,5,6,6,十文字菊雄,5.09
2025-06-07,34,川崎,5,7,7,太田　雅之,5.38
2025-06-07,34,川崎,6,1,2,村上　卓茂,3.76
2025-06-07,34,川崎,6,2,6,黒川　　渉,4.01
2025-06-07,34,川崎,6,3,7,谷本　奨輝,4.95
2025-06-07,34,川崎,6,4,3,本多　哲也,5.05
2025-06-07,34,川崎,6,5,4,佐藤　　謙,5.39
2025-06-07,34,川崎,6,6,1,西村　行貴,5.61
2025-06-07,34,川崎,6,7,5,石川　恭規,6.06
2025-06-07,34,川崎,7,1,2,山口　智弘,2.66
2025-06-07,34,川崎,7,2,3,高橋　大輝,3.25
2025-06-07,34,川崎,7,3,1,吉堂　将規,3.87
2025-06-07,34,川崎,7,4,4,大庭　正紀,4.66
2025-06-07,34,川崎,7,5,5,赤塚　悠人,5.37
2025-06-07,34,川崎,7,6,7,天沼　雅貴,5.40
2025-06-07,34,川崎,7,7,6,山崎　功也,5.51
2025-06-07,34,川崎,8,1,1,望月　湧世,2.49
2025-06-07,34,川崎,8,2,2,渋谷　　錬,3.10
2025-06-07,34,川崎,8,3,3,川崎　健次,3.65
2025-06-07,34,川崎,8,4,5,石貞　有基,3.79
2025-06-07,34,川崎,8,5,4,山崎　充央,4.00
2025-06-07,34,川崎,8,6,6,新井僚太郎,4.49
2025-06-07,34,川崎,8,7,7,山中　貴雄,5.51
2025-06-07,34,川崎,9,1,3,舘　　泰守,3.30
2025-06-07,34,川崎,9,2,5,會澤　　龍,3.64
2025-06-07,34,川崎,9,3,1,菅野　航基,3.71
2025-06-07,34,川崎,9,4,7,阿久津　修,4.01
2025-06-07,34,川崎,9,5,4,近藤　俊明,4.13
2025-06-07,34,川崎,9,6,2,近藤　夏樹,4.44
2025-06-07,34,川崎,9,7,6,南儀　拓海,4.93
2025-06-07,38,静岡,1,1,1,大関　祐也,2.36
2025-06-07,38,静岡,1,2,3,飯島　　淳,3.21
2025-06-07,38,静岡,1,3,4,才迫　勇馬,3.38
2025-06-07,38,静岡,1,4,7,上野　真吾,3.55
2025-06-07,38,静岡,1,5,5,藤井　孝則,3.70
2025-06-07,38,静岡,1,6,2,八尋　英輔,4.15
2025-06-07,38,静岡,1,7,6,三浦　　靖,5.38
2025-06-07,38,静岡,2,1,4,伊藤　歩登,3.71
2025-06-07,38,静岡,2,2,2,窪田　陽介,4.06
2025-06-07,38,静岡,2,3,3,原田　　隆,4.13
2025-06-07,38,静岡,2,4,5,下野　義城,4.36
2025-06-07,38,静岡,2,5,1,小川　　巧,4.42
2025-06-07,38,静岡,2,6,7,田上　晃也,4.93
2025-06-07,38,静岡,2,7,6,大薗　　宏,6.14
2025-06-07,38,静岡,3,1,2,能代谷　元,2.22
2025-06-07,38,静岡,3,2,7,相笠　翔太,2.94
2025-06-07,38,静岡,3,3,4,渡邉　高志,3.82
2025-06-07,38,静岡,3,4,1,白石　大輔,3.84
2025-06-07,38,静岡,3,5,5,高橋　雅之,4.01
2025-06-07,38,静岡,3,6,6,川野　　深,4.85
2025-06-07,38,静岡,3,7,3,高橋　優斗,5.08
2025-06-07,38,静岡,4,1,5,枝村　弘樹,2.37
2025-06-07,38,静岡,4,2,3,榎本　光男,3.05
2025-06-07,38,静岡,4,3,2,柳谷　　崇,3.60
2025-06-07,38,静岡,4,4,4,板橋　慎治,3.87
2025-06-07,38,静岡,4,5,7,薦田　将伍,4.06
2025-06-07,38,静岡,4,6,1,梶原　恵介,5.08
2025-06-07,38,静岡,4,7,6,水野　悟志,5.70
2025-06-07,38,静岡,5,1,2,五味田奈穂,3.22
2025-06-07,38,静岡,5,2,3,黒河内由実,4.39
2025-06-07,38,静岡,5,3,1,新井　美菜,4.68
2025-06-07,38,静岡,5,4,5,保立　沙織,4.88
2025-06-07,38,静岡,5,5,4,小林　　諒,4.98
2025-06-07,38,静岡,5,6,6,吉村美有紀,5.19
2025-06-07,38,静岡,5,7,7,加藤　　恵,5.76
2025-06-07,38,静岡,6,1,2,土生　敦弘,2.20
2025-06-07,38,静岡,6,2,4,加藤　圭一,4.05
2025-06-07,38,静岡,6,3,5,飯田　辰哉,4.42
2025-06-07,38,静岡,6,4,1,齋木　翔多,4.87
2025-06-07,38,静岡,6,5,6,白上　　翔,5.02
2025-06-07,38,静岡,6,6,3,丸山　直樹,5.43
2025-06-07,38,静岡,7,1,2,岩本　和也,3.98
2025-06-07,38,静岡,7,2,6,武井　大介,4.32
2025-06-07,38,静岡,7,3,3,奥村　諭志,5.01
2025-06-07,38,静岡,7,4,5,佐々木則幸,5.40
2025-06-07,38,静岡,7,5,1,高塩　讓次,5.79
2025-06-07,38,静岡,7,6,4,太田　龍希,6.78
2025-06-07,38,静岡,8,1,4,久島　尚樹,3.12
2025-06-07,38,静岡,8,2,5,元砂　勇雪,3.54
2025-06-07,38,静岡,8,3,1,山本　伸一,4.11
2025-06-07,38,静岡,8,4,7,山岸　佳太,4.46
2025-06-07,38,静岡,8,5,3,菅原　大也,4.48
2025-06-07,38,静岡,8,6,2,朝倉　佳弘,5.04
2025-06-07,38,静岡,8,7,6,佐藤　龍二,5.08
2025-06-07,38,静岡,9,1,1,道場　晃規,3.63
2025-06-07,38,静岡,9,2,5,簗田　一輝,4.33
2025-06-07,38,静岡,9,3,3,佐方　良行,4.64
2025-06-07,38,静岡,9,4,4,萩原　孝之,4.74
2025-06-07,38,静岡,9,5,2,筒井　敦史,4.95
2025-06-07,38,静岡,9,6,6,竹内　雄作,5.34
2025-06-07,38,静岡,9,7,7,木村　隆弘,5.80
2025-06-07,38,静岡,10,1,6,佐々木亮太,2.21
2025-06-07,38,静岡,10,2,7,吉川　希望,4.15
2025-06-07,38,静岡,10,3,3,相澤　政宏,4.28
2025-06-07,38,静岡,10,4,2,出口謙一郎,4.48
2025-06-07,38,静岡,10,5,5,近藤　誠二,5.65
2025-06-07,38,静岡,10,6,4,小原　唯志,5.91
2025-06-07,38,静岡,10,7,1,丸山　啓一,6.22
2025-06-07,38,静岡,11,1,1,児玉　碧衣,3.21
2025-06-07,38,静岡,11,2,4,吉川　美穂,3.54
2025-06-07,38,静岡,11,3,2,豊田　美香,4.20
2025-06-07,38,静岡,11,4,3,小林　莉子,4.61
2025-06-07,38,静岡,11,5,5,中野　　咲,5.37
2025-06-07,38,静岡,11,6,6,藤高　千恵,5.97
2025-06-07,38,静岡,11,7,7,又多　風緑,6.40
2025-06-07,38,静岡,12,1,2,小林　泰正,3.96
2025-06-07,38,静岡,12,2,7,雨谷　一樹,4.27
2025-06-07,38,静岡,12,3,6,竹山　陵太,4.32
2025-06-07,38,静岡,12,4,4,小倉　竜二,4.36
2025-06-07,38,静岡,12,5,1,中野　慎詞,4.61
2025-06-07,38,静岡,12,6,3,久田　裕也,5.03
2025-06-07,38,静岡,12,7,5,石塚　孝幸,5.58
2025-06-07,44,大垣,1,1,1,戸田　康平,2.42
2025-06-07,44,大垣,1,2,5,山田　祐太,2.82
2025-06-07,44,大垣,1,3,4,北川　紋部,2.92
2025-06-07,44,大垣,1,4,7,阿部　　弘,3.37
2025-06-07,44,大垣,1,5,3,山田　　武,3.86
2025-06-07,44,大垣,1,6,2,坂本　　毅,4.24
2025-06-07,44,大垣,1,7,6,高木　隆弘,6.28
2025-06-07,44,大垣,2,1,5,本村　隆文,2.69
2025-06-07,44,大垣,2,2,2,増田　利明,3.57
2025-06-07,44,大垣,2,3,4,光畑　政志,3.76
2025-06-07,44,大垣,2,4,1,四宮　哲郎,4.39
2025-06-07,44,大垣,2,5,3,竹内　真一,4.42
2025-06-07,44,大垣,2,6,7,鮫島　康治,5.25
2025-06-07,44,大垣,2,7,6,大竹　哲也,6.11
2025-06-07,44,大垣,3,1,2,石川　航大,2.08
2025-06-07,44,大垣,3,2,1,児玉虎之介,2.22
2025-06-07,44,大垣,3,3,7,深瀬　泰我,3.01
2025-06-07,44,大垣,3,4,4,西村　　豊,3.66
2025-06-07,44,大垣,3,5,6,小浦　　凪,3.87
2025-06-07,44,大垣,3,6,5,紫原　政文,4.28
2025-06-07,44,大垣,3,7,3,岡部　芳幸,4.99
2025-06-07,44,大垣,4,1,4,三木　健正,2.47
2025-06-07,44,大垣,4,2,7,永井　哉多,2.73
2025-06-07,44,大垣,4,3,3,常次　勇人,3.06
2025-06-07,44,大垣,4,4,2,荒川　達郎,3.91
2025-06-07,44,大垣,4,5,5,三谷　政史,4.27
2025-06-07,44,大垣,4,6,1,石坂　永伍,4.48
2025-06-07,44,大垣,4,7,6,木村　浩宣,4.68
2025-06-07,44,大垣,5,1,7,堀川敬太郎,1.03
2025-06-07,44,大垣,5,2,1,田口　勇介,1.97
2025-06-07,44,大垣,5,3,3,高木　竜司,2.92
2025-06-07,44,大垣,5,4,2,矢部　駿人,2.99
2025-06-07,44,大垣,5,5,4,佐山　俊樹,3.26
2025-06-07,44,大垣,5,6,5,伊原　弘幸,4.20
2025-06-07,44,大垣,5,7,6,井上　　剛,5.31
2025-06-07,44,大垣,6,1,2,長田　龍拳,3.93
2025-06-07,44,大垣,6,2,4,山本　健也,4.00
2025-06-07,44,大垣,6,3,1,佐川　翔吾,4.79
2025-06-07,44,大垣,6,4,3,吉田　健市,5.22
2025-06-07,44,大垣,6,5,6,矢島　一弥,5.38
2025-06-07,44,大垣,6,6,5,末廣　快理,6.09
2025-06-07,44,大垣,7,1,5,高橋　広大,3.26
2025-06-07,44,大垣,7,2,2,児玉慎一郎,4.18
2025-06-07,44,大垣,7,3,4,重倉　高史,4.76
2025-06-07,44,大垣,7,4,3,小堺　浩二,5.47
2025-06-07,44,大垣,7,5,1,中山　拓人,5.48
2025-06-07,44,大垣,7,6,6,堀　　僚介,6.22
2025-06-07,44,大垣,7,7,7,伊藤　　奎,7.20
2025-06-07,44,大垣,8,1,5,伊代野貴照,4.38
2025-06-07,44,大垣,8,2,2,鷲田　佳史,4.39
2025-06-07,44,大垣,8,3,7,徳田　　匠,4.58
2025-06-07,44,大垣,8,4,6,佐々木省司,4.89
2025-06-07,44,大垣,8,5,3,金成　和幸,5.39
2025-06-07,44,大垣,8,6,1,伊藤　正樹,5.50
2025-06-07,44,大垣,8,7,4,三浦　貴大,5.59
2025-06-07,44,大垣,9,1,2,志村　龍己,3.00
2025-06-07,44,大垣,9,2,4,山内　卓也,3.38
2025-06-07,44,大垣,9,3,5,古屋　琢晶,3.40
2025-06-07,44,大垣,9,4,3,高橋　和也,4.01
2025-06-07,44,大垣,9,5,7,山口　貴嗣,4.50
2025-06-07,44,大垣,9,6,6,伊藤　世哉,4.93
2025-06-07,44,大垣,9,7,1,西田　大志,5.74
2025-06-07,44,大垣,10,1,1,黒瀬浩太郎,2.22
2025-06-07,44,大垣,10,2,2,西村　光太,3.05
2025-06-07,44,大垣,10,3,3,渡邉　一成,3.61
2025-06-07,44,大垣,10,4,5,宿口　陽一,3.82
2025-06-07,44,大垣,10,5,4,山田　久徳,4.24
2025-06-07,44,大垣,10,6,6,不破　将登,4.64
2025-06-07,44,大垣,10,7,7,久米　　良,5.05
2025-06-07,44,大垣,11,1,7,渡邉　雅也,3.82
2025-06-07,44,大垣,11,2,4,北津留　翼,4.88
2025-06-07,44,大垣,11,3,3,松岡　貴久,4.93
2025-06-07,44,大垣,11,4,5,西田　雅志,5.06
2025-06-07,44,大垣,11,5,1,佐々木　龍,5.15
2025-06-07,44,大垣,11,6,2,田尾　駿介,5.47
2025-06-07,44,大垣,11,7,6,外田　心斗,7.13
2025-06-07,44,大垣,12,1,1,志田　龍星,1.70
2025-06-07,44,大垣,12,2,4,松田　治之,3.94
2025-06-07,44,大垣,12,3,2,佐々木雄一,4.82
2025-06-07,44,大垣,12,4,6,佐藤　幸治,5.66
2025-06-07,44,大垣,12,5,5,山口　富生,5.67
2025-06-07,44,大垣,12,6,3,大川　龍二,6.33
2025-06-07,44,大垣,12,7,7,照井　拓成,6.63
2025-06-07,86,別府,1,1,2,今藤　康裕,3.17
2025-06-07,86,別府,1,2,1,今井　　聡,3.35
2025-06-07,86,別府,1,3,4,内田　英介,3.87
2025-06-07,86,別府,1,4,8,磯川　勝裕,4.25
2025-06-07,86,別府,1,5,5,青井　賢治,4.77
2025-06-07,86,別府,1,6,3,和泉　尚吾,5.05
2025-06-07,86,別府,1,6,6,高橋　成英,5.05
2025-06-07,86,別府,1,8,7,連佛　康浩,5.73
2025-06-07,86,別府,2,1,5,松岡　健介,2.53
2025-06-07,86,別府,2,2,2,古賀　勝大,2.87
2025-06-07,86,別府,2,3,3,佐藤　雅彦,3.40
2025-06-07,86,別府,2,4,6,田中　洋輔,4.17
2025-06-07,86,別府,2,5,1,畝木　　努,4.61
2025-06-07,86,別府,2,6,8,安部　達也,4.83
2025-06-07,86,別府,2,7,4,前反祐一郎,4.97
2025-06-07,86,別府,2,8,7,吉本　哲郎,5.34
2025-06-07,86,別府,3,1,5,大野　悟郎,2.42
2025-06-07,86,別府,3,2,8,藤原　　浩,2.64
2025-06-07,86,別府,3,3,1,青柳　靖起,3.88
2025-06-07,86,別府,3,3,7,房州　輝也,3.88
2025-06-07,86,別府,3,5,4,石丸　寛之,4.17
2025-06-07,86,別府,3,6,2,佐藤愼太郎,4.20
2025-06-07,86,別府,3,7,3,森川　大輔,4.62
2025-06-07,86,別府,3,8,6,下岡　将也,6.24
2025-06-07,86,別府,4,1,2,橋本　優己,1.74
2025-06-07,86,別府,4,2,4,山田　雄大,2.79
2025-06-07,86,別府,4,3,3,内山　雅貴,2.93
2025-06-07,86,別府,4,4,6,名川　　豊,3.84
2025-06-07,86,別府,4,5,8,溝口　　葵,4.08
2025-06-07,86,別府,4,6,5,尾形　鉄馬,4.78
2025-06-07,86,別府,4,7,1,中川　聖大,5.12
2025-06-07,86,別府,4,8,7,室井　健一,5.42
2025-06-07,86,別府,4,9,9,小林　潤二,6.72
2025-06-07,86,別府,5,1,5,近藤　　保,2.63
2025-06-07,86,別府,5,2,2,池野　健太,2.71
2025-06-07,86,別府,5,3,9,治田　知也,3.87
2025-06-07,86,別府,5,4,4,中村　一将,3.88
2025-06-07,86,別府,5,5,3,久米　康平,4.34
2025-06-07,86,別府,5,6,1,小島　　歩,4.84
2025-06-07,86,別府,5,7,7,濱田　浩司,5.08
2025-06-07,86,別府,5,8,6,佐藤　朋也,5.17
2025-06-07,86,別府,5,9,8,仲野　結音,6.06
2025-06-07,86,別府,6,1,2,林　慶次郎,2.85
2025-06-07,86,別府,6,2,7,津村洸次郎,3.38
2025-06-07,86,別府,6,3,5,山本　　奨,3.98
2025-06-07,86,別府,6,4,1,坂本　周輝,4.32
2025-06-07,86,別府,6,5,8,小菅　　誠,4.37
2025-06-07,86,別府,6,6,6,伊豆田浩人,4.44
2025-06-07,86,別府,6,7,4,岡　　光良,4.62
2025-06-07,86,別府,6,8,9,掛水　泰範,4.77
2025-06-07,86,別府,6,9,3,矢野　昌彦,5.00
2025-06-07,86,別府,7,1,1,佐々木　豪,2.19
2025-06-07,86,別府,7,2,2,酒井　雄多,2.33
2025-06-07,86,別府,7,3,3,渡邉　豪大,3.11
2025-06-07,86,別府,7,4,5,佐藤　　壮,3.35
2025-06-07,86,別府,7,5,6,今岡　徹二,3.58
2025-06-07,86,別府,7,6,9,高原　仁志,4.24
2025-06-07,86,別府,7,7,7,竹内　智彦,4.35
2025-06-07,86,別府,7,8,4,真崎新太郎,4.68
2025-06-07,86,別府,7,9,8,長松　空吾,5.97
2025-06-07,86,別府,8,1,7,皿屋　　豊,2.92
2025-06-07,86,別府,8,2,5,市橋司優人,3.28
2025-06-07,86,別府,8,3,2,東矢　圭吾,3.30
2025-06-07,86,別府,8,4,1,吉田　敏洋,3.54
2025-06-07,86,別府,8,5,8,北村　信明,4.03
2025-06-07,86,別府,8,6,9,山口　貴弘,4.13
2025-06-07,86,別府,8,7,6,村上　直久,4.74
2025-06-07,86,別府,8,8,3,松永　　将,5.26
2025-06-07,86,別府,8,9,4,関　　貴之,6.03
2025-06-07,86,別府,9,1,7,中川　貴徳,2.48
2025-06-07,86,別府,9,2,5,坂井　　洋,2.62
2025-06-07,86,別府,9,3,6,格清　洋介,3.91
2025-06-07,86,別府,9,4,2,佐藤　康紀,4.69
2025-06-07,86,別府,9,5,1,柴田　洋輔,4.78
2025-06-07,86,別府,9,6,9,新田　康仁,4.84
2025-06-07,86,別府,9,7,8,今野　大輔,5.45
2025-06-07,86,別府,9,8,4,今村麟太郎,6.11
2025-06-07,86,別府,9,9,3,福島　武士,6.27
2025-06-07,86,別府,10,1,7,小岩　大介,2.39
2025-06-07,86,別府,10,2,3,阿部　拓真,2.57
2025-06-07,86,別府,10,3,8,櫻井　正孝,3.60
2025-06-07,86,別府,10,4,5,寺崎　浩平,4.29
2025-06-07,86,別府,10,5,9,諸橋　　愛,4.33
2025-06-07,86,別府,10,6,4,阿部　将大,4.39
2025-06-07,86,別府,10,7,1,山崎　賢人,4.59
2025-06-07,86,別府,10,8,2,村上　博幸,4.73
2025-06-07,86,別府,10,9,6,中島　詩音,5.36
2025-06-07,86,別府,11,1,4,岩谷　拓磨,3.95
2025-06-07,86,別府,11,2,1,深谷　知広,4.15
2025-06-07,86,別府,11,3,9,岩本　俊介,4.31
2025-06-07,86,別府,11,4,8,瀬戸　晋作,4.48
2025-06-07,86,別府,11,5,2,佐藤　友和,4.56
2025-06-07,86,別府,11,6,7,菅田　壱道,4.66
2025-06-07,86,別府,11,7,5,隅田　洋介,5.08
2025-06-07,86,別府,11,8,6,黒田　　淳,5.47
2025-06-07,86,別府,11,9,3,一丸　尚伍,6.34
2025-06-07,86,別府,12,1,1,新山　響平,2.85
2025-06-07,86,別府,12,2,3,松谷　秀幸,3.05
2025-06-07,86,別府,12,3,9,守澤　太志,3.08
2025-06-07,86,別府,12,4,5,村田　雅一,3.42
2025-06-07,86,別府,12,5,4,甲斐　俊祐,4.02
2025-06-07,86,別府,12,6,2,小林　弘和,4.66
2025-06-07,86,別府,12,7,6,鷲田　幸司,4.97
2025-06-07,86,別府,12,8,8,牧　　剛央,5.01
2025-06-07,86,別府,12,9,7,菊池　岳仁,5.63
