date,venue_id,venue_name,race_no,predicted_rank,car_no,name_kanji,prefecture,predicted_score,grade
2025-07-27,13,いわき平,1,1,6,齋藤　　明,北海,0.04,Ａ３
2025-07-27,13,いわき平,1,2,2,小林　宏年,静岡,0.34,Ａ３
2025-07-27,13,いわき平,1,3,3,浦野　慈生,神奈,0.42,Ａ３
2025-07-27,13,いわき平,1,4,4,渡邉　正人,福島,0.42,Ａ３
2025-07-27,13,いわき平,1,5,1,取鳥　敬一,岡山,0.45,Ａ３
2025-07-27,13,いわき平,1,6,5,長谷　隆志,岡山,0.49,Ａ３
2025-07-27,13,いわき平,2,1,4,吉橋　秀城,埼玉,0.00,Ａ３
2025-07-27,13,いわき平,2,2,1,佐藤　有輝,神奈,0.26,Ａ３
2025-07-27,13,いわき平,2,3,3,田山　　誠,長崎,0.27,Ａ３
2025-07-27,13,いわき平,2,4,5,角口　聖也,千葉,0.36,Ａ３
2025-07-27,13,いわき平,2,5,6,秋永　共之,福岡,0.39,Ａ３
2025-07-27,13,いわき平,2,6,7,中山　善仁,新潟,0.45,Ａ３
2025-07-27,13,いわき平,2,7,2,時松　　正,熊本,0.48,Ａ３
2025-07-27,13,いわき平,3,1,3,工藤　考生,埼玉,0.10,Ａ３
2025-07-27,13,いわき平,3,2,2,猪野　泰介,山形,0.17,Ａ３
2025-07-27,13,いわき平,3,3,1,近藤　直幹,徳島,0.23,Ａ３
2025-07-27,13,いわき平,3,4,6,對馬　太陽,神奈,0.37,Ａ３
2025-07-27,13,いわき平,3,5,4,柴田　　健,神奈,0.51,Ａ３
2025-07-27,13,いわき平,3,6,7,升澤　祥晃,愛媛,0.53,Ａ３
2025-07-27,13,いわき平,3,7,5,三澤　勝成,宮城,0.87,Ａ３
2025-07-27,13,いわき平,4,1,3,大内　達也,宮城,-0.07,Ａ３
2025-07-27,13,いわき平,4,2,6,志村　達也,広島,0.09,Ａ３
2025-07-27,13,いわき平,4,3,1,大竹野裕樹,鹿児,0.20,Ａ３
2025-07-27,13,いわき平,4,4,7,茂木　和臣,埼玉,0.31,Ａ３
2025-07-27,13,いわき平,4,5,4,阿部　利光,宮城,0.31,Ａ３
2025-07-27,13,いわき平,4,6,5,門馬　琢麿,北海,0.53,Ａ３
2025-07-27,13,いわき平,4,7,2,天沼　雅貴,埼玉,0.68,Ａ３
2025-07-27,13,いわき平,5,1,3,荒木　真慈,熊本,-0.07,Ａ３
2025-07-27,13,いわき平,5,2,6,齋藤　昌太,栃木,-0.05,Ａ３
2025-07-27,13,いわき平,5,3,5,坂本　英一,栃木,-0.01,Ａ３
2025-07-27,13,いわき平,5,4,2,原田　峻治,山口,0.01,Ａ３
2025-07-27,13,いわき平,5,5,4,相澤　恵一,宮城,0.09,Ａ３
2025-07-27,13,いわき平,5,6,7,米倉　剛志,千葉,0.12,Ａ３
2025-07-27,13,いわき平,5,7,1,中野　功史,長崎,0.75,Ａ３
2025-07-27,13,いわき平,6,1,3,森　　飛龍,静岡,-0.26,Ａ３
2025-07-27,13,いわき平,6,2,4,嶋貫　高大,宮城,0.00,Ａ３
2025-07-27,13,いわき平,6,3,5,吉田　　悟,熊本,0.01,Ａ３
2025-07-27,13,いわき平,6,4,7,住村　　実,徳島,0.07,Ａ３
2025-07-27,13,いわき平,6,5,2,林　　成人,愛媛,0.19,Ａ３
2025-07-27,13,いわき平,6,6,1,齋藤　輝彦,神奈,0.40,Ａ３
2025-07-27,13,いわき平,6,7,6,岡田　哲夫,福島,0.44,Ａ３
2025-07-27,13,いわき平,7,1,4,三澤　優樹,福島,-0.11,Ａ３
2025-07-27,13,いわき平,7,2,6,吉岡　優太,茨城,0.10,Ａ３
2025-07-27,13,いわき平,7,3,3,渡邊　颯太,静岡,0.11,Ａ３
2025-07-27,13,いわき平,7,4,2,小島　雅章,埼玉,0.16,Ａ３
2025-07-27,13,いわき平,7,5,5,本間　慎吾,新潟,0.21,Ａ３
2025-07-27,13,いわき平,7,6,1,平山　優太,福島,0.22,Ａ３
2025-07-27,13,いわき平,7,7,7,塚本　　諭,福島,0.35,Ａ３
2025-07-27,27,京王閣,1,1,1,赤井　　学,千葉,4.31,Ａ１
2025-07-27,27,京王閣,1,2,2,杉山　　剛,福岡,4.60,Ａ２
2025-07-27,27,京王閣,1,3,7,三住　博昭,神奈,4.75,Ａ２
2025-07-27,27,京王閣,1,4,5,金田健一郎,大阪,4.92,Ａ２
2025-07-27,27,京王閣,1,5,4,松下　綾馬,岡山,4.93,Ａ１
2025-07-27,27,京王閣,1,6,6,三浦　　靖,岐阜,4.94,Ａ２
2025-07-27,27,京王閣,1,7,3,黒崎　直行,栃木,5.20,Ａ２
2025-07-27,27,京王閣,2,1,1,松根　　真,東京,2.47,Ａ２
2025-07-27,27,京王閣,2,2,4,寺沼　将彦,東京,4.57,Ａ１
2025-07-27,27,京王閣,2,3,2,小川　　巧,岡山,4.63,Ａ２
2025-07-27,27,京王閣,2,4,7,高谷　雅彦,青森,4.77,Ａ２
2025-07-27,27,京王閣,2,5,3,伊藤　健詞,石川,4.92,Ａ１
2025-07-27,27,京王閣,2,6,5,藤井　優希,山口,5.25,Ａ２
2025-07-27,27,京王閣,2,7,6,梶應　弘樹,愛媛,5.58,Ａ２
2025-07-27,27,京王閣,3,1,6,佐藤　大地,三重,2.33,Ａ２
2025-07-27,27,京王閣,3,2,1,長野　和弘,福岡,2.78,Ａ２
2025-07-27,27,京王閣,3,3,4,高本　和也,神奈,2.87,Ａ１
2025-07-27,27,京王閣,3,4,7,紫原　政文,福岡,3.38,Ａ１
2025-07-27,27,京王閣,3,5,3,大瀬戸潤一,広島,4.11,Ａ１
2025-07-27,27,京王閣,3,6,2,南儀　拓海,富山,4.44,Ａ１
2025-07-27,27,京王閣,3,7,5,小川将二郎,徳島,5.11,Ａ１
2025-07-27,27,京王閣,4,1,7,小柳　智徳,長崎,2.32,Ａ１
2025-07-27,27,京王閣,4,2,5,井上　雄三,埼玉,2.40,Ａ２
2025-07-27,27,京王閣,4,3,3,宇佐見裕輝,福島,2.75,Ａ２
2025-07-27,27,京王閣,4,4,6,中村　龍吉,福島,2.98,Ａ２
2025-07-27,27,京王閣,4,5,2,吉田　昌司,埼玉,3.17,Ａ１
2025-07-27,27,京王閣,4,6,1,栗田　貴徳,愛媛,3.39,Ａ１
2025-07-27,27,京王閣,4,7,4,小川　達也,静岡,5.01,Ａ２
2025-07-27,27,京王閣,5,1,1,永井　哉多,東京,2.14,Ａ２
2025-07-27,27,京王閣,5,2,3,佐々木祐太,岩手,2.93,Ａ１
2025-07-27,27,京王閣,5,3,6,北川　大成,熊本,3.06,Ａ２
2025-07-27,27,京王閣,5,4,4,内田　玄希,東京,3.29,Ａ１
2025-07-27,27,京王閣,5,5,7,岡部　芳幸,福島,3.37,Ａ１
2025-07-27,27,京王閣,5,6,5,福元　啓太,大阪,4.35,Ａ１
2025-07-27,27,京王閣,5,7,2,金山　栄治,滋賀,4.64,Ａ１
2025-07-27,27,京王閣,6,1,4,太刀川一成,千葉,2.74,Ｓ２
2025-07-27,27,京王閣,6,2,1,鈴木　　裕,千葉,3.41,Ｓ１
2025-07-27,27,京王閣,6,3,8,石川　雅望,群馬,3.57,Ｓ２
2025-07-27,27,京王閣,6,4,5,渡口　勝成,山口,4.03,Ｓ２
2025-07-27,27,京王閣,6,5,7,石丸　寛之,岡山,4.05,Ｓ２
2025-07-27,27,京王閣,6,6,9,矢口　大樹,千葉,4.35,Ｓ２
2025-07-27,27,京王閣,6,7,2,藤田　昌宏,岡山,5.36,Ｓ２
2025-07-27,27,京王閣,6,8,6,山口　龍也,長崎,5.59,Ｓ２
2025-07-27,27,京王閣,6,9,3,荒川　達郎,埼玉,6.21,Ｓ２
2025-07-27,27,京王閣,7,1,9,竹山　陵太,宮城,3.60,Ｓ２
2025-07-27,27,京王閣,7,2,2,照井　拓成,岩手,3.62,Ｓ２
2025-07-27,27,京王閣,7,3,3,菅原　裕太,静岡,3.78,Ｓ２
2025-07-27,27,京王閣,7,4,1,小嶋　敬二,石川,4.09,Ｓ２
2025-07-27,27,京王閣,7,5,7,渡邉　晴智,静岡,4.19,Ｓ２
2025-07-27,27,京王閣,7,6,5,中嶋　宣成,長野,4.24,Ｓ２
2025-07-27,27,京王閣,7,7,4,小川　圭二,徳島,4.74,Ｓ２
2025-07-27,27,京王閣,7,8,6,富永　益生,愛知,5.08,Ｓ２
2025-07-27,27,京王閣,7,9,8,岡本　英之,千葉,5.62,Ｓ２
2025-07-27,27,京王閣,8,1,9,相川　永伍,埼玉,3.13,Ｓ２
2025-07-27,27,京王閣,8,2,7,佐方　良行,熊本,3.34,Ｓ２
2025-07-27,27,京王閣,8,3,4,房州　輝也,福島,3.49,Ｓ２
2025-07-27,27,京王閣,8,4,5,志智　俊夫,岐阜,3.67,Ｓ１
2025-07-27,27,京王閣,8,5,1,坂本　貴史,青森,3.67,Ｓ１
2025-07-27,27,京王閣,8,6,2,武田　　亮,東京,3.78,Ｓ２
2025-07-27,27,京王閣,8,7,3,兼本　将太,熊本,3.92,Ｓ２
2025-07-27,27,京王閣,8,8,6,三宅　裕武,三重,5.02,Ｓ２
2025-07-27,27,京王閣,8,9,8,樫山　恭柄,福岡,5.11,Ｓ２
2025-07-27,27,京王閣,9,1,2,柿澤　大貴,長野,2.96,Ｓ２
2025-07-27,27,京王閣,9,2,5,香川　雄介,香川,3.08,Ｓ１
2025-07-27,27,京王閣,9,3,9,松本秀之慎,熊本,3.18,Ｓ２
2025-07-27,27,京王閣,9,4,7,菅原　大也,神奈,3.55,Ｓ１
2025-07-27,27,京王閣,9,5,3,梶原　海斗,福岡,3.85,Ｓ２
2025-07-27,27,京王閣,9,6,1,竹内　　翼,広島,4.06,Ｓ２
2025-07-27,27,京王閣,9,7,8,林　　昌幸,愛媛,4.37,Ｓ２
2025-07-27,27,京王閣,9,8,6,伊藤　　亮,埼玉,4.82,Ｓ２
2025-07-27,27,京王閣,9,9,4,松岡　孔明,熊本,5.35,Ｓ２
2025-07-27,27,京王閣,10,1,7,阿部　力也,宮城,2.14,Ｓ２
2025-07-27,27,京王閣,10,2,3,吉澤　純平,茨城,2.14,Ｓ１
2025-07-27,27,京王閣,10,3,2,新田　祐大,福島,2.42,Ｓ２
2025-07-27,27,京王閣,10,4,1,三谷　将太,奈良,2.73,Ｓ１
2025-07-27,27,京王閣,10,5,9,寺崎　浩平,福井,2.77,Ｓ１
2025-07-27,27,京王閣,10,6,6,河合　佑弥,東京,3.70,Ｓ２
2025-07-27,27,京王閣,10,7,4,友定　祐己,岡山,3.78,Ｓ２
2025-07-27,27,京王閣,10,8,5,佐藤　康紀,青森,3.99,Ｓ２
2025-07-27,27,京王閣,10,9,8,小林　大介,群馬,4.04,Ｓ２
2025-07-27,27,京王閣,11,1,2,吉田　拓矢,茨城,2.28,Ｓ１
2025-07-27,27,京王閣,11,2,1,皿屋　　豊,三重,2.30,Ｓ１
2025-07-27,27,京王閣,11,3,9,鈴木　竜士,東京,2.44,Ｓ２
2025-07-27,27,京王閣,11,4,3,清水　裕友,山口,2.45,ＳＳ
2025-07-27,27,京王閣,11,5,7,町田　太我,広島,3.01,Ｓ１
2025-07-27,27,京王閣,11,6,5,内藤　宣彦,秋田,3.48,Ｓ１
2025-07-27,27,京王閣,11,7,6,清水　一幸,大阪,3.66,Ｓ２
2025-07-27,27,京王閣,11,8,4,田中　大我,奈良,3.79,Ｓ２
2025-07-27,27,京王閣,11,9,8,三浦　貴大,岐阜,4.78,Ｓ２
2025-07-27,27,京王閣,12,1,1,高橋　　築,東京,2.05,Ｓ１
2025-07-27,27,京王閣,12,2,9,眞杉　　匠,栃木,2.28,ＳＳ
2025-07-27,27,京王閣,12,3,2,小倉　竜二,徳島,2.57,Ｓ１
2025-07-27,27,京王閣,12,4,7,荒井　崇博,長崎,2.69,Ｓ１
2025-07-27,27,京王閣,12,5,5,佐々木　豪,愛媛,3.01,Ｓ１
2025-07-27,27,京王閣,12,6,3,後藤　大輝,福岡,3.16,Ｓ１
2025-07-27,27,京王閣,12,7,6,鈴木　輝大,東京,3.45,Ｓ２
2025-07-27,27,京王閣,12,8,4,徳永　哲人,熊本,3.67,Ｓ１
2025-07-27,27,京王閣,12,9,8,室井　健一,徳島,4.14,Ｓ２
2025-07-27,31,松戸,1,1,5,林　佳宗依,富山,1.68,Ａ３
2025-07-27,31,松戸,1,2,7,吉村　文隆,京都,2.08,Ａ３
2025-07-27,31,松戸,1,3,1,沖本　尚織,広島,2.10,Ａ３
2025-07-27,31,松戸,1,4,2,櫻井　紀幸,群馬,2.20,Ａ３
2025-07-27,31,松戸,1,5,4,鈴木雄一朗,東京,2.32,Ａ３
2025-07-27,31,松戸,1,6,3,坂本　佳憲,大阪,2.37,Ａ３
2025-07-27,31,松戸,1,7,6,細田　純平,広島,2.39,Ａ３
2025-07-27,31,松戸,2,1,5,山元　大夢,石川,1.88,Ａ３
2025-07-27,31,松戸,2,2,2,山崎　光展,京都,2.06,Ａ３
2025-07-27,31,松戸,2,3,4,平澤　秀信,北海,2.21,Ａ３
2025-07-27,31,松戸,2,4,7,東　　隆之,宮崎,2.25,Ａ３
2025-07-27,31,松戸,2,5,1,玉木　英典,北海,2.25,Ａ３
2025-07-27,31,松戸,2,6,3,篠田　　樹,大分,2.31,Ａ３
2025-07-27,31,松戸,2,7,6,中村　秀幸,高知,3.26,Ａ３
2025-07-27,31,松戸,3,1,6,櫻井　宏樹,東京,1.98,Ａ３
2025-07-27,31,松戸,3,2,3,片山　直人,福岡,2.02,Ａ３
2025-07-27,31,松戸,3,3,1,高橋　由記,群馬,2.11,Ａ３
2025-07-27,31,松戸,3,4,2,塩川真一郎,広島,2.22,Ａ３
2025-07-27,31,松戸,3,5,7,岡崎　克政,岡山,2.22,Ａ３
2025-07-27,31,松戸,3,6,4,倉岡慎太郎,熊本,2.24,Ａ３
2025-07-27,31,松戸,3,7,5,大澤　裕之,埼玉,2.58,Ａ３
2025-07-27,31,松戸,4,1,7,秋永　昂人,福岡,1.78,Ａ３
2025-07-27,31,松戸,4,2,4,伊藤　　翼,神奈,1.97,Ａ３
2025-07-27,31,松戸,4,3,3,鈴木　孝征,埼玉,2.06,Ａ３
2025-07-27,31,松戸,4,4,1,濱田昭一郎,鹿児,2.31,Ａ３
2025-07-27,31,松戸,4,5,2,岡嵜　浩一,神奈,2.39,Ａ３
2025-07-27,31,松戸,4,6,6,菱沼　元樹,埼玉,2.49,Ａ３
2025-07-27,31,松戸,4,7,5,梶原　亜湖,静岡,2.65,Ａ３
2025-07-27,31,松戸,5,1,3,竹村　達也,高知,1.94,Ａ３
2025-07-27,31,松戸,5,2,2,米丸　俊成,熊本,2.24,Ａ３
2025-07-27,31,松戸,5,3,1,山本　天平,千葉,2.26,Ａ３
2025-07-27,31,松戸,5,4,5,石井　　孝,千葉,2.38,Ａ３
2025-07-27,31,松戸,5,5,4,荘田　竜斗,大分,2.39,Ａ３
2025-07-27,31,松戸,5,6,7,遠澤　健二,神奈,2.55,Ａ３
2025-07-27,31,松戸,5,7,6,長谷　俊昭,岡山,2.83,Ａ３
2025-07-27,31,松戸,6,1,3,井坂　泰誓,大阪,1.91,Ａ３
2025-07-27,31,松戸,6,2,5,武田　和也,奈良,1.93,Ａ３
2025-07-27,31,松戸,6,3,4,鈴木小次廊,静岡,1.97,Ａ３
2025-07-27,31,松戸,6,4,1,森川　　剛,神奈,2.17,Ａ３
2025-07-27,31,松戸,6,5,2,乙川　高徳,東京,2.43,Ａ３
2025-07-27,31,松戸,6,6,7,山崎　明寛,千葉,2.52,Ａ３
2025-07-27,31,松戸,6,7,6,木村　健司,埼玉,3.13,Ａ３
2025-07-27,31,松戸,7,1,7,尾野　翔一,福岡,1.08,Ａ３
2025-07-27,31,松戸,7,2,3,吉成　晃一,熊本,1.94,Ａ３
2025-07-27,31,松戸,7,3,2,石川　恭規,福島,1.96,Ａ３
2025-07-27,31,松戸,7,4,5,滝川　秀嗣,愛知,2.29,Ａ３
2025-07-27,31,松戸,7,5,6,垣外中勝哉,大阪,2.35,Ａ３
2025-07-27,31,松戸,7,6,1,瀧本　匡平,愛知,2.35,Ａ３
2025-07-27,31,松戸,7,7,4,田崎良太郎,福島,2.42,Ａ３
2025-07-27,46,富山,1,1,3,望月　紀男,静岡,2.13,Ａ２
2025-07-27,46,富山,1,2,4,深瀬　泰我,静岡,2.33,Ａ１
2025-07-27,46,富山,1,3,6,楠野　史尭,埼玉,2.53,Ａ２
2025-07-27,46,富山,1,4,2,石坂　永伍,岡山,2.67,Ａ１
2025-07-27,46,富山,1,5,7,在本　直樹,岡山,2.68,Ａ２
2025-07-27,46,富山,1,6,5,清水　広幸,愛知,2.83,Ａ２
2025-07-27,46,富山,1,7,1,佐藤　政利,新潟,3.14,Ａ１
2025-07-27,46,富山,2,1,7,西　　　徹,石川,2.13,Ａ２
2025-07-27,46,富山,2,2,1,下岡　将也,三重,2.16,Ａ１
2025-07-27,46,富山,2,3,3,松永　真太,福岡,2.33,Ａ１
2025-07-27,46,富山,2,4,2,山口　慎吾,北海,2.37,Ａ２
2025-07-27,46,富山,2,5,6,中村　翔平,福岡,2.43,Ａ２
2025-07-27,46,富山,2,6,5,坂木田雄介,千葉,2.62,Ａ２
2025-07-27,46,富山,2,7,4,内藤　　敦,岡山,2.62,Ａ１
2025-07-27,46,富山,3,1,7,玉手　　翔,兵庫,2.09,Ａ１
2025-07-27,46,富山,3,2,5,奥出　　良,石川,2.30,Ａ１
2025-07-27,46,富山,3,3,2,小玉　勇一,埼玉,2.43,Ａ１
2025-07-27,46,富山,3,4,6,眞鍋　伸也,香川,2.54,Ａ２
2025-07-27,46,富山,3,5,4,伊藤　大理,長野,2.56,Ａ２
2025-07-27,46,富山,3,6,1,窪田　陽介,滋賀,2.61,Ａ２
2025-07-27,46,富山,3,7,3,濱口　健二,高知,2.67,Ａ２
2025-07-27,46,富山,4,1,7,小堀　敢太,北海,1.47,Ａ２
2025-07-27,46,富山,4,2,4,鈴木　　誠,福島,2.25,Ａ１
2025-07-27,46,富山,4,3,2,金子　浩貴,京都,2.35,Ａ１
2025-07-27,46,富山,4,4,3,白川　将太,青森,2.49,Ａ２
2025-07-27,46,富山,4,5,1,久保　光司,佐賀,2.50,Ａ２
2025-07-27,46,富山,4,6,6,佐野　洋継,京都,2.74,Ａ２
2025-07-27,46,富山,4,7,5,井上　将志,福岡,3.16,Ａ２
2025-07-27,46,富山,5,1,2,原　　大智,宮城,0.90,Ａ１
2025-07-27,46,富山,5,2,3,木村　直隆,兵庫,1.86,Ａ１
2025-07-27,46,富山,5,3,5,高橋　雅之,千葉,2.18,Ａ１
2025-07-27,46,富山,5,4,4,鶴　　良生,福岡,2.26,Ａ１
2025-07-27,46,富山,5,5,1,近藤　誠二,香川,2.32,Ａ１
2025-07-27,46,富山,5,6,6,宗崎　世連,高知,2.39,Ａ１
2025-07-27,46,富山,5,7,7,宮下　貴之,埼玉,2.47,Ａ１
2025-07-27,46,富山,6,1,7,今村麟太郎,高知,1.93,Ｓ２
2025-07-27,46,富山,6,2,5,坂本　周輝,青森,2.16,Ｓ２
2025-07-27,46,富山,6,3,3,伊藤　　奎,福島,2.41,Ｓ２
2025-07-27,46,富山,6,4,6,山崎　輝夫,埼玉,2.96,Ｓ２
2025-07-27,46,富山,6,5,2,秋本耀太郎,栃木,3.40,Ｓ２
2025-07-27,46,富山,6,6,4,小林　潤二,群馬,3.53,Ｓ２
2025-07-27,46,富山,6,7,1,田尾　駿介,高知,4.19,Ｓ２
2025-07-27,46,富山,7,1,5,中田　健太,埼玉,1.64,Ｓ１
2025-07-27,46,富山,7,2,4,篠田　幸希,群馬,1.64,Ｓ２
2025-07-27,46,富山,7,3,2,阿久津　修,栃木,2.35,Ｓ２
2025-07-27,46,富山,7,4,3,那須　久幸,福岡,2.96,Ｓ２
2025-07-27,46,富山,7,5,6,石田　拓真,愛知,3.56,Ｓ２
2025-07-27,46,富山,7,6,1,岩本　和也,石川,3.61,Ｓ２
2025-07-27,46,富山,7,7,7,西田　将士,長崎,5.70,Ｓ２
2025-07-27,46,富山,8,1,5,藤井　栄二,兵庫,1.89,Ｓ２
2025-07-27,46,富山,8,2,1,渡邉　一成,福島,1.91,Ｓ２
2025-07-27,46,富山,8,3,3,小畑　勝広,茨城,2.14,Ｓ２
2025-07-27,46,富山,8,4,2,高間　悠平,福井,2.44,Ｓ２
2025-07-27,46,富山,8,5,6,中川　勝貴,福井,2.76,Ｓ２
2025-07-27,46,富山,8,6,4,桐山敬太郎,神奈,4.22,Ｓ２
2025-07-27,46,富山,8,7,7,木暮　安由,群馬,4.50,Ｓ１
2025-07-27,46,富山,9,1,2,久島　尚樹,宮崎,1.69,Ｓ２
2025-07-27,46,富山,9,2,7,梅崎　隆介,長崎,1.90,Ｓ２
2025-07-27,46,富山,9,3,3,浦川　尊明,茨城,2.58,Ｓ２
2025-07-27,46,富山,9,4,5,尾方　祐仁,岐阜,2.65,Ｓ２
2025-07-27,46,富山,9,5,6,小林　圭介,茨城,2.92,Ｓ２
2025-07-27,46,富山,9,6,1,伊藤　勝太,愛知,3.23,Ｓ２
2025-07-27,46,富山,9,7,4,八日市屋浩,石川,3.57,Ｓ２
2025-07-27,46,富山,10,1,3,東　龍之介,神奈,1.81,Ｓ２
2025-07-27,46,富山,10,2,4,岡　　光良,埼玉,1.88,Ｓ２
2025-07-27,46,富山,10,3,7,堀　　兼壽,岐阜,2.48,Ｓ２
2025-07-27,46,富山,10,4,6,小埜　正義,千葉,2.92,Ｓ２
2025-07-27,46,富山,10,5,1,小林　稜武,栃木,3.34,Ｓ２
2025-07-27,46,富山,10,6,5,木村　　弘,青森,3.58,Ｓ１
2025-07-27,46,富山,10,7,2,不破　将登,岐阜,4.27,Ｓ１
2025-07-27,46,富山,11,1,3,中石　　湊,北海,1.98,Ｓ２
2025-07-27,46,富山,11,2,1,大石　剣士,静岡,2.00,Ｓ２
2025-07-27,46,富山,11,3,6,出澤　拓也,神奈,2.46,Ｓ２
2025-07-27,46,富山,11,4,5,五日市　誠,青森,2.99,Ｓ２
2025-07-27,46,富山,11,5,2,守谷　陽介,岡山,3.01,Ｓ２
2025-07-27,46,富山,11,6,7,佐藤　朋也,秋田,3.14,Ｓ２
2025-07-27,46,富山,11,7,4,佐伯　亮輔,岡山,5.70,Ｓ２
2025-07-27,46,富山,12,1,7,原井　博斗,福岡,1.80,Ｓ１
2025-07-27,46,富山,12,2,5,西村　光太,三重,1.88,Ｓ１
2025-07-27,46,富山,12,3,4,岩津　裕介,岡山,3.50,Ｓ１
2025-07-27,46,富山,12,4,3,山田　庸平,佐賀,3.51,Ｓ１
2025-07-27,46,富山,12,5,2,宿口　陽一,埼玉,3.82,Ｓ１
2025-07-27,46,富山,12,6,1,神田　紘輔,大阪,3.84,Ｓ１
2025-07-27,46,富山,12,7,6,松坂　洋平,神奈,4.64,Ｓ１
2025-07-27,47,松阪,1,1,1,山田　哲也,愛知,1.86,Ａ３
2025-07-27,47,松阪,1,2,2,鳥丸　晃順,岡山,1.89,Ａ３
2025-07-27,47,松阪,1,3,6,古川　大輔,広島,1.98,Ａ３
2025-07-27,47,松阪,1,4,4,武智　尚之,愛媛,2.05,Ａ３
2025-07-27,47,松阪,1,5,3,田島　高志,三重,2.48,Ａ３
2025-07-27,47,松阪,1,6,5,樋口有樹郎,兵庫,2.51,Ａ３
2025-07-27,47,松阪,2,1,7,藤井　孝則,兵庫,1.87,Ａ３
2025-07-27,47,松阪,2,2,3,大中　拓磨,兵庫,1.90,Ａ３
2025-07-27,47,松阪,2,3,5,佐々木英之,香川,2.26,Ａ３
2025-07-27,47,松阪,2,4,2,小野　祐作,岡山,2.28,Ａ３
2025-07-27,47,松阪,2,5,4,永田　秀佑,長崎,2.29,Ａ３
2025-07-27,47,松阪,2,6,1,澤亀　浩司,福岡,2.38,Ａ３
2025-07-27,47,松阪,2,7,6,大窪　輝之,熊本,3.08,Ａ３
2025-07-27,47,松阪,3,1,2,辻田　祥大,三重,1.77,Ａ３
2025-07-27,47,松阪,3,2,4,小西　誠也,三重,1.92,Ａ３
2025-07-27,47,松阪,3,3,7,藤原　夏志,大阪,2.04,Ａ３
2025-07-27,47,松阪,3,4,3,高橋　紀史,佐賀,2.08,Ａ３
2025-07-27,47,松阪,3,5,1,岡崎　和久,奈良,2.26,Ａ３
2025-07-27,47,松阪,3,6,6,小塚　　潤,愛知,2.33,Ａ３
2025-07-27,47,松阪,3,7,5,片折　勇輝,福岡,2.38,Ａ３
2025-07-27,47,松阪,4,1,2,西田　美菜,奈良,2.01,Ｌ１
2025-07-27,47,松阪,4,2,4,杉沢毛伊子,静岡,2.09,Ｌ１
2025-07-27,47,松阪,4,3,5,浜地　晴帆,三重,2.11,Ｌ１
2025-07-27,47,松阪,4,4,1,三宅　玲奈,岡山,2.49,Ｌ１
2025-07-27,47,松阪,4,5,6,青木　美優,栃木,3.00,Ｌ１
2025-07-27,47,松阪,4,6,3,佐藤　友香,青森,5.98,Ｌ１
2025-07-27,47,松阪,4,7,7,中瀬　由真,大阪,6.17,Ｌ１
2025-07-27,47,松阪,5,1,2,大谷　靖茂,愛知,2.27,Ａ１
2025-07-27,47,松阪,5,2,7,小谷　文康,広島,2.39,Ａ２
2025-07-27,47,松阪,5,3,3,秋山　貴宏,佐賀,2.50,Ａ２
2025-07-27,47,松阪,5,4,1,丹波　孝佑,大阪,2.53,Ａ１
2025-07-27,47,松阪,5,5,4,中山遼太郎,熊本,2.55,Ａ１
2025-07-27,47,松阪,5,6,6,矢田　　晋,福岡,2.81,Ａ２
2025-07-27,47,松阪,5,7,5,北浦　弘幹,和歌,2.89,Ａ２
2025-07-27,47,松阪,6,1,1,山崎　　晃,石川,2.22,Ａ２
2025-07-27,47,松阪,6,2,4,廣田　敦士,三重,2.28,Ａ１
2025-07-27,47,松阪,6,3,7,木村　浩宣,香川,2.52,Ａ２
2025-07-27,47,松阪,6,4,3,梶原　大地,福岡,2.61,Ａ１
2025-07-27,47,松阪,6,5,5,吉良　勝信,福岡,2.62,Ａ２
2025-07-27,47,松阪,6,6,2,阿部　　功,高知,2.68,Ａ２
2025-07-27,47,松阪,6,7,6,丸林　一孝,福岡,3.00,Ａ２
2025-07-27,47,松阪,7,1,1,笹倉　慎也,富山,1.84,Ａ１
2025-07-27,47,松阪,7,2,2,三木　健正,岡山,1.91,Ａ２
2025-07-27,47,松阪,7,3,7,近藤　修康,岡山,2.16,Ａ１
2025-07-27,47,松阪,7,4,4,戸伏　康夫,岡山,2.29,Ａ１
2025-07-27,47,松阪,7,5,3,太田黒大心,熊本,2.46,Ａ１
2025-07-27,47,松阪,7,6,6,中村美千隆,兵庫,2.53,Ａ２
2025-07-27,47,松阪,7,7,5,好永　　晃,佐賀,2.55,Ａ１
2025-07-27,47,松阪,8,1,5,児玉虎之介,岐阜,2.06,Ａ１
2025-07-27,47,松阪,8,2,2,岩見　　潤,三重,2.09,Ａ２
2025-07-27,47,松阪,8,3,4,古川　貴之,佐賀,2.25,Ａ１
2025-07-27,47,松阪,8,4,7,倉野隆太郎,三重,2.47,Ａ２
2025-07-27,47,松阪,8,5,3,滝山　　実,徳島,2.49,Ａ２
2025-07-27,47,松阪,8,6,1,三宅　　旬,岡山,2.55,Ａ２
2025-07-27,47,松阪,8,7,6,飯塚　隼人,佐賀,2.57,Ａ２
2025-07-27,47,松阪,9,1,7,藤田　　楓,岡山,1.46,Ａ３
2025-07-27,47,松阪,9,2,3,石黒　　健,広島,1.77,Ａ３
2025-07-27,47,松阪,9,3,4,長野　魅切,愛媛,1.99,Ａ３
2025-07-27,47,松阪,9,4,2,日浦　崇道,和歌,2.04,Ａ３
2025-07-27,47,松阪,9,5,1,谷澤　優貴,三重,2.21,Ａ３
2025-07-27,47,松阪,9,6,6,藤原　義浩,徳島,2.29,Ａ３
2025-07-27,47,松阪,9,7,5,坂田　　学,兵庫,2.44,Ａ３
2025-07-27,47,松阪,10,1,6,梅川　風子,東京,1.08,Ｌ１
2025-07-27,47,松阪,10,2,7,那須　萌美,宮崎,1.69,Ｌ１
2025-07-27,47,松阪,10,3,1,竹野　百香,三重,1.82,Ｌ１
2025-07-27,47,松阪,10,4,2,元砂七夕美,奈良,2.05,Ｌ１
2025-07-27,47,松阪,10,5,3,宇野　紅音,岐阜,2.20,Ｌ１
2025-07-27,47,松阪,10,6,5,岩元　杏奈,宮崎,2.42,Ｌ１
2025-07-27,47,松阪,10,7,4,加瀬加奈子,新潟,2.43,Ｌ１
2025-07-27,47,松阪,11,1,4,谷内　健太,京都,1.48,Ａ２
2025-07-27,47,松阪,11,2,7,佐野　梅一,京都,1.99,Ａ１
2025-07-27,47,松阪,11,3,5,筒井　裕哉,兵庫,2.07,Ａ１
2025-07-27,47,松阪,11,4,3,遠藤　拓巳,香川,2.21,Ａ１
2025-07-27,47,松阪,11,5,2,北川大五郎,大阪,2.35,Ａ１
2025-07-27,47,松阪,11,6,1,中園　和剛,福岡,2.36,Ａ１
2025-07-27,47,松阪,11,7,6,橋本　　陸,福岡,2.49,Ａ２
2025-07-27,48,四日市,1,1,2,日当　泰之,青森,0.35,Ａ２
2025-07-27,48,四日市,1,2,3,山出　裕幸,福井,0.37,Ａ１
2025-07-27,48,四日市,1,3,1,寺林　正秋,宮城,0.39,Ａ１
2025-07-27,48,四日市,1,4,5,小川　大地,愛知,0.56,Ａ２
2025-07-27,48,四日市,1,5,4,堀　　政美,茨城,0.94,Ａ１
2025-07-27,48,四日市,1,6,6,齋藤　昌弘,群馬,1.04,Ａ２
2025-07-27,48,四日市,2,1,1,台　　和紀,埼玉,0.01,Ａ２
2025-07-27,48,四日市,2,2,6,西郷　　剛,兵庫,0.09,Ａ２
2025-07-27,48,四日市,2,3,5,柳　　　充,青森,0.12,Ａ２
2025-07-27,48,四日市,2,4,4,吉原　友彦,神奈,0.14,Ａ２
2025-07-27,48,四日市,2,5,3,新井　剛央,埼玉,0.44,Ａ２
2025-07-27,48,四日市,2,6,2,伊早坂駿一,茨城,0.62,Ａ２
2025-07-27,48,四日市,3,1,4,水野　悟志,静岡,0.14,Ａ２
2025-07-27,48,四日市,3,2,6,法月　成祐,神奈,0.34,Ａ２
2025-07-27,48,四日市,3,3,1,乾　　庄平,滋賀,0.40,Ａ２
2025-07-27,48,四日市,3,4,5,齊藤　健人,静岡,0.49,Ａ２
2025-07-27,48,四日市,3,5,3,小室　貴広,茨城,0.53,Ａ２
2025-07-27,48,四日市,3,6,2,奥出健士郎,福井,0.61,Ａ２
2025-07-27,48,四日市,4,1,3,坂上　忠克,石川,0.12,Ａ１
2025-07-27,48,四日市,4,2,1,吉田　晏生,埼玉,0.29,Ａ１
2025-07-27,48,四日市,4,3,5,山崎　敦雄,静岡,0.36,Ａ２
2025-07-27,48,四日市,4,4,4,中川　貴史,三重,0.36,Ａ１
2025-07-27,48,四日市,4,5,2,藤岡　徹也,兵庫,0.52,Ａ１
2025-07-27,48,四日市,4,6,7,三浦　大輝,宮城,0.54,Ａ２
2025-07-27,48,四日市,4,7,6,千澤　大輔,青森,1.02,Ａ２
2025-07-27,48,四日市,5,1,2,志佐　　明,神奈,0.08,Ａ１
2025-07-27,48,四日市,5,2,3,土田　武志,茨城,0.21,Ａ１
2025-07-27,48,四日市,5,3,4,布居　大地,和歌,0.23,Ａ２
2025-07-27,48,四日市,5,4,1,愛敬　博之,愛知,0.31,Ａ１
2025-07-27,48,四日市,5,5,6,山信田　学,埼玉,0.43,Ａ１
2025-07-27,48,四日市,5,6,5,増田　利明,静岡,0.56,Ａ１
2025-07-27,48,四日市,5,7,7,横田　政直,群馬,0.95,Ａ２
2025-07-27,48,四日市,6,1,5,金野　俊秋,千葉,0.04,Ａ１
2025-07-27,48,四日市,6,2,7,手島　志誠,群馬,0.21,Ａ２
2025-07-27,48,四日市,6,3,1,松坂　侑亮,神奈,0.22,Ａ１
2025-07-27,48,四日市,6,4,4,田口　裕一,千葉,0.33,Ａ２
2025-07-27,48,四日市,6,5,6,橋谷　成海,埼玉,0.44,Ａ２
2025-07-27,48,四日市,6,6,3,堀　　航輝,青森,0.54,Ａ１
2025-07-27,48,四日市,6,7,2,赤塚　悠人,山形,0.55,Ａ１
2025-07-27,48,四日市,7,1,5,伊東　佑晟,三重,0.20,Ａ２
2025-07-27,48,四日市,7,2,1,鰐淵　圭佑,群馬,0.27,Ａ１
2025-07-27,48,四日市,7,3,2,張野　幸聖,和歌,0.29,Ａ１
2025-07-27,48,四日市,7,4,6,出口謙一郎,岐阜,0.32,Ａ１
2025-07-27,48,四日市,7,5,3,白上　　翔,滋賀,0.48,Ａ１
2025-07-27,48,四日市,7,6,4,落合　達彦,静岡,0.48,Ａ１
2025-07-27,48,四日市,7,7,7,齊藤英伊須,青森,0.64,Ａ２
2025-07-27,63,防府,1,1,7,橋本　勝弘,愛媛,2.14,Ａ２
2025-07-27,63,防府,1,2,4,秋葉　大輔,東京,2.32,Ａ１
2025-07-27,63,防府,1,3,1,松田　昂己,茨城,2.44,Ａ１
2025-07-27,63,防府,1,4,6,田村　純一,福島,2.46,Ａ２
2025-07-27,63,防府,1,5,2,日浅　保幸,岡山,2.54,Ａ２
2025-07-27,63,防府,1,6,3,喜納　隆志,沖縄,2.59,Ａ２
2025-07-27,63,防府,1,7,5,高倉　俊宏,福岡,2.60,Ａ２
2025-07-27,63,防府,2,1,1,隅　　直幸,山口,2.05,Ａ２
2025-07-27,63,防府,2,2,5,岡田　啓渡,愛媛,2.18,Ａ１
2025-07-27,63,防府,2,3,2,植木　和広,神奈,2.19,Ａ２
2025-07-27,63,防府,2,4,3,工藤　文彦,沖縄,2.42,Ａ１
2025-07-27,63,防府,2,5,4,水書　義弘,千葉,2.49,Ａ１
2025-07-27,63,防府,2,6,7,佐々木孝司,青森,2.53,Ａ２
2025-07-27,63,防府,2,7,6,渡邉　　満,福岡,3.07,Ａ２
2025-07-27,63,防府,3,1,1,小酒　大勇,宮崎,1.78,Ａ１
2025-07-27,63,防府,3,2,6,角　　宗哉,山口,2.00,Ａ２
2025-07-27,63,防府,3,3,2,立花　成泰,岡山,2.04,Ａ１
2025-07-27,63,防府,3,4,7,長松　大祐,大分,2.35,Ａ１
2025-07-27,63,防府,3,5,4,吉永　好宏,広島,2.36,Ａ１
2025-07-27,63,防府,3,6,3,山本　恵介,福島,2.36,Ａ１
2025-07-27,63,防府,3,7,5,大関　祐也,千葉,2.74,Ａ２
2025-07-27,63,防府,4,1,5,丸山　貴秀,秋田,1.80,Ａ１
2025-07-27,63,防府,4,2,7,植原　琢也,埼玉,2.06,Ａ２
2025-07-27,63,防府,4,3,1,平沼　由充,福島,2.11,Ａ１
2025-07-27,63,防府,4,4,6,小原　亮哉,大分,2.18,Ａ２
2025-07-27,63,防府,4,5,4,野村　典嗣,愛媛,2.39,Ａ２
2025-07-27,63,防府,4,6,3,櫻木　雄太,福岡,2.40,Ａ１
2025-07-27,63,防府,4,7,2,和田　誠寿,広島,5.95,Ａ２
2025-07-27,63,防府,5,1,1,和泉　尚吾,愛媛,2.03,Ａ１
2025-07-27,63,防府,5,2,5,近藤　寛央,東京,2.11,Ａ１
2025-07-27,63,防府,5,3,4,國村　　洋,山口,2.20,Ａ１
2025-07-27,63,防府,5,4,2,添田　龍児,神奈,2.20,Ａ１
2025-07-27,63,防府,5,5,7,橋本　紀彰,茨城,2.31,Ａ２
2025-07-27,63,防府,5,6,6,竹内　真一,福岡,2.43,Ａ２
2025-07-27,63,防府,5,7,3,立石　拓也,福岡,2.59,Ａ２
2025-07-27,63,防府,6,1,2,松井　優佳,大阪,1.85,Ｌ１
2025-07-27,63,防府,6,2,4,鈴木　奈央,静岡,1.94,Ｌ１
2025-07-27,63,防府,6,3,3,伊澤　茉那,千葉,2.01,Ｌ１
2025-07-27,63,防府,6,4,1,國村美留莉,山口,2.05,Ｌ１
2025-07-27,63,防府,6,5,5,渡邉　栞奈,静岡,2.19,Ｌ１
2025-07-27,63,防府,6,6,7,藤高　千恵,広島,2.32,Ｌ１
2025-07-27,63,防府,6,7,6,藤原亜衣里,新潟,5.99,Ｌ１
2025-07-27,63,防府,7,1,7,児玉　碧衣,福岡,1.63,Ｌ１
2025-07-27,63,防府,7,2,1,西島　叶子,熊本,2.06,Ｌ１
2025-07-27,63,防府,7,3,5,山口　優依,愛知,2.07,Ｌ１
2025-07-27,63,防府,7,4,4,黒河内由実,長野,2.12,Ｌ１
2025-07-27,63,防府,7,5,2,枝光　美奈,福岡,2.23,Ｌ１
2025-07-27,63,防府,7,6,3,山本さくら,愛知,2.23,Ｌ１
2025-07-27,63,防府,7,7,6,高橋　朋恵,東京,2.39,Ｌ１
2025-07-27,74,高知,1,1,5,原田　　礼,福岡,2.09,Ａ２
2025-07-27,74,高知,1,2,3,下沖　功児,宮崎,2.15,Ａ２
2025-07-27,74,高知,1,3,1,井上　　剛,岡山,2.30,Ａ２
2025-07-27,74,高知,1,4,7,鳥越　靖弘,愛知,2.31,Ａ２
2025-07-27,74,高知,1,5,2,亀井　久幸,千葉,2.41,Ａ２
2025-07-27,74,高知,1,6,4,岩城　佑典,愛知,2.47,Ａ１
2025-07-27,74,高知,1,7,6,高橋　明久,宮城,2.61,Ａ２
2025-07-27,74,高知,2,1,4,坂本　匡洋,大阪,2.19,Ａ１
2025-07-27,74,高知,2,2,1,中川　繁樹,京都,2.19,Ａ１
2025-07-27,74,高知,2,3,2,渡辺　航平,東京,2.26,Ａ１
2025-07-27,74,高知,2,4,7,照井　力斗,岩手,2.36,Ａ１
2025-07-27,74,高知,2,5,3,楢原　由将,福岡,2.59,Ａ２
2025-07-27,74,高知,2,6,6,照屋　将貴,沖縄,2.65,Ａ２
2025-07-27,74,高知,2,7,5,小坂　敏之,栃木,2.88,Ａ２
2025-07-27,74,高知,3,1,1,野口　大誠,熊本,1.85,Ａ１
2025-07-27,74,高知,3,2,4,神開　一輝,福岡,1.85,Ａ１
2025-07-27,74,高知,3,3,5,宇根　秀俊,愛媛,2.19,Ａ１
2025-07-27,74,高知,3,4,3,高野　信元,愛知,2.26,Ａ２
2025-07-27,74,高知,3,5,2,宮道　良輔,徳島,2.40,Ａ２
2025-07-27,74,高知,3,6,7,小川　将人,愛知,2.45,Ａ１
2025-07-27,74,高知,3,7,6,山村　慮太,大阪,2.99,Ａ２
2025-07-27,74,高知,4,1,7,都築　　巧,高知,1.72,Ａ２
2025-07-27,74,高知,4,2,4,増田　　仁,広島,2.10,Ａ２
2025-07-27,74,高知,4,3,1,森岡　正臣,高知,2.23,Ａ１
2025-07-27,74,高知,4,4,5,大崎　和也,青森,2.31,Ａ１
2025-07-27,74,高知,4,5,6,加藤　大輔,大分,2.41,Ａ２
2025-07-27,74,高知,4,6,2,高谷　敏史,青森,2.41,Ａ２
2025-07-27,74,高知,4,7,3,池田伍功羽,熊本,2.48,Ａ２
2025-07-27,74,高知,5,1,1,依田　翔大,山梨,1.96,Ａ１
2025-07-27,74,高知,5,2,5,北野　良栄,茨城,2.00,Ａ１
2025-07-27,74,高知,5,3,4,薦田　将伍,愛媛,2.03,Ａ１
2025-07-27,74,高知,5,4,3,飯田　辰哉,千葉,2.16,Ａ１
2025-07-27,74,高知,5,5,6,関根健太郎,神奈,2.23,Ａ１
2025-07-27,74,高知,5,6,2,多田　晃紀,岡山,2.28,Ａ１
2025-07-27,74,高知,5,7,7,増原　正人,広島,2.38,Ａ１
2025-07-27,74,高知,6,1,5,青森　伸也,福島,1.65,Ｓ２
2025-07-27,74,高知,6,2,7,松尾　　透,福岡,1.76,Ｓ２
2025-07-27,74,高知,6,3,4,菅原　　晃,大分,2.80,Ｓ２
2025-07-27,74,高知,6,4,6,鈴木　謙二,東京,3.35,Ｓ２
2025-07-27,74,高知,6,5,3,中村　隆生,栃木,3.51,Ｓ２
2025-07-27,74,高知,6,6,1,橋本　智昭,宮城,4.32,Ｓ２
2025-07-27,74,高知,6,7,2,市橋司優人,福岡,4.65,Ｓ２
2025-07-27,74,高知,7,1,3,土生　敦弘,大阪,1.89,Ｓ２
2025-07-27,74,高知,7,2,2,佐々木和紀,神奈,2.19,Ｓ２
2025-07-27,74,高知,7,3,5,今岡　徹二,広島,2.23,Ｓ２
2025-07-27,74,高知,7,4,7,水谷　好宏,大阪,2.31,Ｓ２
2025-07-27,74,高知,7,5,6,大塚　英伸,静岡,2.93,Ｓ２
2025-07-27,74,高知,7,6,4,塩島嵩一朗,神奈,2.97,Ｓ２
2025-07-27,74,高知,7,7,1,網谷　竜次,香川,4.40,Ｓ２
2025-07-27,74,高知,8,1,3,吉田　敏洋,愛知,1.91,Ｓ１
2025-07-27,74,高知,8,2,1,磯島　成介,青森,1.93,Ｓ２
2025-07-27,74,高知,8,3,4,山根　将太,岡山,2.08,Ｓ２
2025-07-27,74,高知,8,4,5,高橋　和也,愛知,2.14,Ｓ２
2025-07-27,74,高知,8,5,2,藤岡　隆治,徳島,2.25,Ｓ２
2025-07-27,74,高知,8,6,6,伊藤　大志,青森,2.42,Ｓ２
2025-07-27,74,高知,8,7,7,池田　　良,広島,4.96,Ｓ１
2025-07-27,74,高知,9,1,5,佐藤　　壮,千葉,1.82,Ｓ２
2025-07-27,74,高知,9,2,1,橋本　優己,岐阜,1.88,Ｓ２
2025-07-27,74,高知,9,3,2,関　　貴之,茨城,1.90,Ｓ２
2025-07-27,74,高知,9,4,7,太田　龍希,埼玉,2.16,Ｓ２
2025-07-27,74,高知,9,5,3,小林　則之,静岡,2.99,Ｓ２
2025-07-27,74,高知,9,6,4,佐々木則幸,高知,3.65,Ｓ２
2025-07-27,74,高知,9,7,6,小原　周祐,高知,5.66,Ｓ２
2025-07-27,74,高知,10,1,5,朝倉　佳弘,東京,1.81,Ｓ２
2025-07-27,74,高知,10,2,1,二藤　元太,静岡,1.85,Ｓ２
2025-07-27,74,高知,10,3,3,畑段　嵐士,京都,1.99,Ｓ２
2025-07-27,74,高知,10,4,4,黒田　　淳,岡山,2.19,Ｓ２
2025-07-27,74,高知,10,5,6,常次　勇人,大阪,3.44,Ｓ２
2025-07-27,74,高知,10,6,7,佐藤　一伸,福島,3.68,Ｓ２
2025-07-27,74,高知,10,7,2,西田　雅志,広島,4.01,Ｓ２
2025-07-27,74,高知,11,1,2,石川　裕二,茨城,1.88,Ｓ２
2025-07-27,74,高知,11,2,4,福島　武士,香川,1.88,Ｓ１
2025-07-27,74,高知,11,3,3,荻原　尚人,宮城,2.21,Ｓ２
2025-07-27,74,高知,11,4,5,阿部　英斗,福岡,2.22,Ｓ２
2025-07-27,74,高知,11,5,7,幸田　望夢,栃木,2.74,Ｓ２
2025-07-27,74,高知,11,6,1,瓜生　崇智,熊本,3.82,Ｓ１
2025-07-27,74,高知,11,7,6,長田　祐弥,神奈,4.59,Ｓ２
2025-07-27,74,高知,12,1,6,東口　善朋,和歌,1.78,Ｓ１
2025-07-27,74,高知,12,2,1,南　　修二,大阪,1.85,Ｓ１
2025-07-27,74,高知,12,3,3,松谷　秀幸,神奈,2.40,Ｓ１
2025-07-27,74,高知,12,4,4,阿部　将大,大分,3.13,Ｓ１
2025-07-27,74,高知,12,5,7,小川　勇介,福岡,3.14,Ｓ１
2025-07-27,74,高知,12,6,5,長島　大介,栃木,3.77,Ｓ１
2025-07-27,74,高知,12,7,2,橋本　　強,愛媛,3.82,Ｓ１
2025-07-27,81,小倉,1,1,4,宮本　佳樹,香川,0.10,Ａ１
2025-07-27,81,小倉,1,2,3,八尋　翔平,福岡,0.11,Ａ２
2025-07-27,81,小倉,1,3,5,小岩　哲也,大分,0.13,Ａ２
2025-07-27,81,小倉,1,4,2,櫻井　宏智,広島,0.45,Ａ２
2025-07-27,81,小倉,1,5,1,根藤　浩二,千葉,0.56,Ａ２
2025-07-27,81,小倉,1,6,7,亀井　雅斗,群馬,0.65,Ａ２
2025-07-27,81,小倉,1,7,6,才迫　勇馬,広島,0.66,Ａ２
2025-07-27,81,小倉,2,1,7,坂本　智哉,岡山,0.13,Ａ２
2025-07-27,81,小倉,2,2,2,坂本　昌宏,青森,0.28,Ａ２
2025-07-27,81,小倉,2,3,4,山田　祐太,福島,0.34,Ａ２
2025-07-27,81,小倉,2,4,3,葛西雄太郎,愛媛,0.42,Ａ２
2025-07-27,81,小倉,2,5,1,田村　浩章,徳島,0.86,Ａ２
2025-07-27,81,小倉,2,6,5,光畑　政志,岡山,0.98,Ａ２
2025-07-27,81,小倉,2,7,6,瓦田　勝也,福岡,1.01,Ａ２
2025-07-27,81,小倉,3,1,2,吉川　裕二,大分,0.12,Ａ２
2025-07-27,81,小倉,3,2,5,鳥海　　創,千葉,0.33,Ａ２
2025-07-27,81,小倉,3,3,1,川又　裕樹,鹿児,0.34,Ａ１
2025-07-27,81,小倉,3,4,7,石川　英昭,静岡,0.42,Ａ２
2025-07-27,81,小倉,3,5,6,行成　大祐,香川,0.46,Ａ２
2025-07-27,81,小倉,3,6,3,榊原　　洋,岡山,0.70,Ａ１
2025-07-27,81,小倉,3,7,4,伊藤　拓人,静岡,0.80,Ａ２
2025-07-27,81,小倉,4,1,3,渋谷　　錬,神奈,0.06,Ａ２
2025-07-27,81,小倉,4,2,2,根本　雄紀,茨城,0.33,Ａ２
2025-07-27,81,小倉,4,3,1,櫻井　太士,岡山,0.35,Ａ１
2025-07-27,81,小倉,4,4,5,小谷田公則,福島,0.39,Ａ２
2025-07-27,81,小倉,4,5,7,齋藤　一茂,群馬,0.40,Ａ１
2025-07-27,81,小倉,4,6,6,門脇　　翼,秋田,0.43,Ａ２
2025-07-27,81,小倉,4,7,4,芳野　　匠,愛媛,0.52,Ａ２
2025-07-27,81,小倉,5,1,2,高橋　秀吉,秋田,0.03,Ａ１
2025-07-27,81,小倉,5,2,1,佐山　俊樹,埼玉,0.35,Ａ１
2025-07-27,81,小倉,5,3,3,藤田　竜矢,埼玉,0.40,Ａ２
2025-07-27,81,小倉,5,4,4,三ッ井　武,神奈,0.47,Ａ１
2025-07-27,81,小倉,5,5,5,菊池　　翔,福島,0.51,Ａ１
2025-07-27,81,小倉,5,6,7,屋良　朝春,沖縄,0.55,Ａ１
2025-07-27,81,小倉,5,7,6,茅野　寛史,鹿児,0.85,Ａ１
2025-07-27,81,小倉,6,1,3,遠藤　勝行,静岡,0.18,Ａ１
2025-07-27,81,小倉,6,2,4,樋口　開土,東京,0.31,Ａ２
2025-07-27,81,小倉,6,3,6,木村　貴宏,茨城,0.38,Ａ１
2025-07-27,81,小倉,6,4,1,内田　英介,東京,0.39,Ａ１
2025-07-27,81,小倉,6,5,7,関根　彰人,沖縄,0.48,Ａ２
2025-07-27,81,小倉,6,6,5,上吹越俊一,鹿児,0.57,Ａ１
2025-07-27,81,小倉,6,7,2,川崎　健次,神奈,0.66,Ａ１
2025-07-27,81,小倉,7,1,4,門田　　凌,愛媛,0.17,Ａ１
2025-07-27,81,小倉,7,2,1,桶谷　明誉,広島,0.27,Ａ１
2025-07-27,81,小倉,7,3,5,吉川　嘉斗,徳島,0.45,Ａ１
2025-07-27,81,小倉,7,4,7,山崎　　翼,大分,0.55,Ａ１
2025-07-27,81,小倉,7,5,2,加倉　正義,福岡,0.55,Ａ１
2025-07-27,81,小倉,7,6,6,山崎　駿哉,岡山,0.55,Ａ１
2025-07-27,81,小倉,7,7,3,田中　洋輔,宮崎,0.56,Ａ１
