date,venue_id,race_no,frame_no,car_no,name_kanji,racer_id,age,prefecture,term,grade,style,gear,score,first_places,second_places,third_places,outs,win_rate,top2_rate,top3_rate,style_escape,style_sprint,style_chase,style_other,start_number,back_number,recent_place1,recent_date1,recent_result1_1,recent_result1_2,recent_result1_3,recent_result1_4,recent_place2,recent_date2,recent_result2_1,recent_result2_2,recent_result2_3,recent_result2_4,recent_place3,recent_date3,recent_result3_1,recent_result3_2,recent_result3_3,recent_result3_4,comment,line_id,line_pos
2025-05-29,71,1,1,1,山田　雅之,12742,52,岐阜,72,Ａ１,追,3.93,87.17,4,4,8,14,13.33,26.67,53.33,0,0,7,1,6,0,高松,05/29,,,,,玉野,05/23,予4,抜3,般1,,弥彦,05/01,予2,準5,特4,,江端君。,1,2
2025-05-29,71,1,2,2,佐伯　辰哉,15119,28,広島,109,Ａ２,両,3.92,83.08,3,5,3,16,11.11,29.63,40.74,1,2,1,4,7,5,高松,05/29,,,,,玉野,05/18,予2,準2,決4,,青森,05/07,予1,準3,特1,,自力自在。,2,1
2025-05-29,71,1,3,3,山口　龍也,15212,30,長崎,111,Ａ１,追,3.92,89.20,5,0,3,7,33.33,33.33,53.33,0,0,5,0,1,0,高松,05/29,,,,,大垣,05/08,,,,,佐世保,04/03,予3,準1,決7,,前田さん。,3,2
2025-05-29,71,1,4,4,江端　隆司,14941,32,福井,103,Ａ１,逃,3.92,82.26,2,3,6,16,7.41,18.52,40.74,3,1,1,0,1,14,高松,05/29,,,,,福井,05/02,予7,般3,般2,,松戸,04/22,予1,準7,特6,,自力。,1,1
2025-05-29,71,1,5,5,前田　義和,14422,41,鹿児,94,Ａ１,両,3.92,86.19,9,3,3,16,29.03,38.71,48.39,4,5,2,1,1,12,高松,05/29,,,,,岸和田,05/18,予1,準5,特3,,別府,05/09,般5,般1,,,自力。,3,1
2025-05-29,71,1,6,6,西川　弘資,12287,56,三重,66,Ａ２,追,3.92,79.00,0,3,2,22,0,11.11,18.52,0,0,1,2,0,0,高松,05/29,,,,,四日市,05/17,予5,般2,般6,,別府,05/09,予6,般7,般5,,山田君。,1,3
2025-05-29,71,1,6,7,井上　　剛,13735,45,岡山,85,Ａ１,追,3.92,83.92,3,2,4,16,12,20,36,0,0,3,2,2,0,高松,05/29,,,,,大垣,05/08,予1,準5,特4,,玉野,04/29,予2,準6,特1,,佐伯君。,2,2
2025-05-29,71,2,1,1,安谷屋将志,14566,36,沖縄,96,Ａ１,追,3.92,83.00,1,2,3,13,5.26,15.79,31.58,1,1,1,0,1,2,高松,05/29,,,,,小松島,05/14,予4,抜4,般2,,別府,04/25,予4,,,,田中君。,2,2
2025-05-29,71,2,2,2,土田　栄二,15338,29,茨城,115,Ａ１,逃,3.92,87.46,7,5,1,11,29.17,50,54.17,8,0,2,2,1,16,高松,05/29,,,,,熊本,05/13,予1,準7,般1,,京王閣,05/04,予1,準6,特4,,自力。,3,1
2025-05-29,71,2,3,3,奥谷　広巳,13209,48,兵庫,78,Ａ２,追,3.92,83.78,1,5,2,19,3.7,22.22,29.63,0,0,4,2,3,0,高松,05/29,,,,,松阪,05/20,予3,準4,特4,,弥彦,05/11,予5,般4,般4,,中村君。,1,2
2025-05-29,71,2,4,4,田中　会心,15748,24,熊本,123,Ａ２,逃,3.92,82.26,2,5,2,14,8.7,30.43,39.13,5,0,1,1,0,9,高松,05/29,,,,,玉野,05/18,予7,般2,般5,,岸和田,05/04,予5,般1,特6,,自力。,2,1
2025-05-29,71,2,5,5,石井　　毅,12879,51,神奈,74,Ａ２,追,3.79,81.72,1,3,6,22,3.13,12.5,31.25,0,0,2,2,1,0,高松,05/29,,,,,川崎,05/15,予2,準4,特5,,函館,05/02,予5,般3,般3,,成田君。,3,3
2025-05-29,71,2,6,6,中村　泰輔,15459,32,和歌,117,Ａ２,逃,3.92,81.48,1,0,6,15,4.55,4.55,31.82,0,1,0,0,7,6,高松,05/29,,,,,別府,05/18,予4,抜6,般7,,岸和田,05/09,予3,準5,特6,,自力。,1,1
2025-05-29,71,2,6,7,成田　健児,12965,50,神奈,75,Ａ１,追,3.93,88.63,3,5,5,14,11.11,29.63,48.15,0,0,4,4,0,0,高松,05/29,,,,,伊東,05/17,予2,準4,特4,,別府,05/09,,,,,土田君。,3,2
2025-05-29,71,3,1,1,増田　利明,13423,46,静岡,81,Ａ２,両,3.92,85.00,5,3,3,13,20.83,33.33,45.83,6,2,0,0,5,6,高松,05/29,,,,,いわき平,05/16,予6,般5,般4,,川崎,04/28,予7,般1,特7,,自力自在。,1,1
2025-05-29,71,3,2,2,作田　悦章,14261,42,徳島,92,Ａ２,追,3.92,87.62,4,3,3,11,19.05,33.33,47.62,0,0,5,2,6,0,高松,05/29,,,,,岸和田,05/18,予4,準6,特6,,武雄,05/05,予1,準4,特3,,篠原さん。,2,2
2025-05-29,71,3,3,3,吉成　貴博,14637,37,熊本,97,Ａ２,追,3.83,81.45,2,1,4,22,6.9,10.34,24.14,0,0,3,0,1,0,高松,05/29,,,,,玉野,05/18,予5,般7,般3,,岸和田,05/04,予4,抜6,般6,,四国勢へ。,2,3
2025-05-29,71,3,4,4,黒崎　直行,11341,59,栃木,57,Ａ２,追,3.92,80.21,0,0,6,18,0,0,25,0,0,0,0,3,0,高松,05/29,,,,,青森,05/07,予4,般3,般5,,弥彦,04/25,予3,抜7,般4,,武田君。,1,3
2025-05-29,71,3,5,5,篠原　龍馬,14036,43,高知,89,Ａ１,両,3.92,87.60,7,6,2,15,23.33,43.33,50,8,3,2,0,8,10,高松,05/29,,,,,岸和田,05/09,予1,準6,特5,,熊本,05/02,予1,準2,決6,,前で。,2,1
2025-05-29,71,3,6,6,神開　将暢,12546,52,福岡,69,Ａ２,追,3.92,77.30,0,1,1,21,0,4.35,8.7,0,0,0,1,0,0,高松,05/29,,,,,高知,05/17,予6,般6,般3,,小倉,05/08,般2,,,,前々。,3,1
2025-05-29,71,3,6,7,武田　靖夫,13013,52,茨城,76,Ａ２,追,3.92,81.11,0,2,4,22,0,7.14,21.43,0,0,2,0,1,0,高松,05/29,,,,,松阪,05/20,予6,般7,般5,,京王閣,05/04,般3,,,,増田君。,1,2
2025-05-29,71,4,1,1,野本　翔太,14192,40,高知,91,Ａ１,追,3.92,86.24,4,7,2,16,13.79,37.93,44.83,0,0,7,4,4,0,高松,05/29,,,,,高知,05/17,予1,準4,特1,,函館,05/02,予4,準6,特6,,遠藤君。,1,2
2025-05-29,71,4,2,2,石川　恭規,14282,47,福島,93,Ａ２,追,3.92,82.65,0,4,5,14,0,17.39,39.13,1,0,0,3,4,1,高松,05/29,,,,,弥彦,05/11,,,,,福井,05/02,予6,般7,,,緑川君。,2,2
2025-05-29,71,4,3,3,白井　一機,12206,55,愛知,65,Ａ２,追,3.92,80.83,0,1,4,19,0,4.17,20.83,0,0,0,1,0,0,高松,05/29,,,,,函館,05/02,予5,般5,般6,,熊本,04/21,予6,般2,般6,,日浦君。,3,2
2025-05-29,71,4,4,4,光畑　政志,13647,45,岡山,84,Ａ２,追,3.92,81.62,1,2,0,19,4.55,13.64,13.64,0,0,2,1,0,0,高松,05/29,,,,,小倉,05/08,予4,抜6,般4,,取手,04/22,,,,,四国勢。,1,3
2025-05-29,71,4,5,5,緑川　修平,14438,41,福島,95,Ａ２,逃,3.92,84.87,5,4,3,11,21.74,39.13,52.17,3,5,1,0,1,4,高松,05/29,,,,,大垣,05/14,予7,般1,特7,,青森,05/07,予3,準3,特3,,自力。,2,1
2025-05-29,71,4,6,6,日浦　崇道,15112,34,和歌,109,Ａ１,逃,3.92,76.41,0,0,2,25,0,0,7.41,0,0,0,0,4,6,高松,05/29,,,,,弥彦,05/20,予7,般7,般7,,奈良,05/11,予7,般7,般7,,自力。,3,1
2025-05-29,71,4,6,7,遠藤　拓巳,15836,25,香川,125,Ａ２,逃,3.92,92.64,9,8,0,5,40.91,77.27,77.27,11,5,0,1,6,14,高松,05/29,,,,,函館,05/19,予1,準2,決7,,福井,04/24,予1,準2,決2,,自力。,1,1
2025-05-29,71,5,1,1,舘　　泰守,13330,49,愛知,80,Ａ１,追,3.92,92.92,11,5,0,10,42.31,61.54,61.54,0,0,13,3,4,0,高松,05/29,,,,,弥彦,05/11,初2,準5,特1,,福井,05/02,初7,準6,特1,,谷田君。,1,2
2025-05-29,71,5,2,2,橋本　凌汰,15545,24,岡山,119,Ａ１,逃,3.92,92.41,3,10,4,10,11.11,48.15,62.96,4,6,2,1,1,8,高松,05/29,,,,,大垣,05/20,初3,準2,決3,,小松島,05/14,初2,準2,決4,,自力。,2,1
2025-05-29,71,5,3,3,岡部　芳幸,12261,54,福島,66,Ａ１,追,3.92,92.96,8,4,3,10,32,48,60,0,0,10,2,2,0,高松,05/29,,,,,弥彦,05/20,初5,準1,決5,,函館,05/02,初1,準1,決2,,深瀬君。,3,2
2025-05-29,71,5,4,4,谷田　泰平,14307,48,岐阜,93,Ａ１,追,3.92,91.26,8,4,4,11,29.63,44.44,59.26,0,2,7,3,4,1,高松,05/29,,,,,玉野,05/23,初4,準5,特1,,岸和田,05/04,予2,準3,特1,,前で自在に。,1,1
2025-05-29,71,5,5,5,蓮井　祐輝,14325,41,香川,93,Ａ１,追,3.92,90.33,5,3,1,12,23.81,38.1,42.86,0,0,6,2,0,0,高松,05/29,,,,,弥彦,05/20,初1,準2,決4,,静岡,04/25,予2,準4,特2,,橋本君。,2,2
2025-05-29,71,5,6,6,深瀬　泰我,15531,32,静岡,119,Ａ１,逃,3.92,89.97,8,3,5,14,26.67,36.67,53.33,6,4,1,0,4,9,高松,05/29,,,,,松阪,05/20,初5,準1,決4,,弥彦,05/11,初6,準2,決3,,自力。,3,1
2025-05-29,71,5,6,7,樫山　恭柄,14263,39,福岡,92,Ａ１,追,3.92,92.89,7,7,5,8,25.93,51.85,70.37,0,0,12,2,10,0,高松,05/29,,,,,弥彦,05/20,初3,準1,決2,,小倉,05/08,初1,準1,決3,,中四国勢へ。,2,3
2025-05-29,71,6,1,1,藤岡　隆治,14683,49,徳島,98,Ｓ２,追,3.93,98.46,1,2,3,18,4.17,12.5,25,0,0,1,2,1,0,高松,05/29,,,,,宇都宮,05/15,一5,二5,特9,抜4,川崎,04/19,一6,抜5,般4,般4,久樹君。,2,2
2025-05-29,71,6,2,2,幸田　望夢,15340,25,栃木,115,Ｓ２,逃,3.92,99.23,2,3,6,15,7.69,19.23,42.31,3,0,2,0,2,11,高松,05/29,,,,,宇都宮,05/15,一3,二2,準9,特8,大垣,05/08,予7,般2,般6,,自力。,3,1
2025-05-29,71,6,3,3,古賀　勝大,15365,33,和歌,115,Ｓ２,両,3.93,101.30,1,5,4,13,4.35,26.09,43.48,0,2,2,2,14,0,高松,05/29,,,,,弥彦,05/20,予3,準5,特2,,伊東,04/19,ア予１2,ア予２6,ア一般3,,仲野君。,1,2
2025-05-29,71,6,4,4,久樹　克門,15285,33,徳島,113,Ｓ２,逃,3.93,94.75,1,3,2,26,3.13,12.5,18.75,1,2,1,0,1,5,高松,05/29,,,,,武雄,05/20,予6,抜3,抜5,,岐阜,05/14,予7,般6,般7,,自力。,2,1
2025-05-29,71,6,5,5,仲野　結音,15460,25,大阪,117,Ｓ１,逃,3.92,95.55,2,3,3,14,9.09,22.73,36.36,2,3,0,0,0,7,高松,05/29,,,,,大垣,05/08,予6,般3,般2,,宇都宮,04/22,,,,,自力。,1,1
2025-05-29,71,6,6,6,白上　　翔,14477,36,滋賀,95,Ｓ２,両,3.93,94.73,1,2,4,23,3.33,10,23.33,0,0,2,1,1,0,高松,05/29,,,,,大垣,05/20,予3,抜3,特6,,福井,05/14,般3,,,,古賀君。,1,3
2025-05-29,71,6,6,7,佐藤　　壮,14817,33,千葉,100,Ｓ２,追,3.92,100.55,2,0,8,19,6.9,6.9,34.48,0,0,2,0,7,0,高松,05/29,,,,,弥彦,05/20,予5,抜1,特3,,宇都宮,04/22,ア予１3,ア予２4,ア一般1,,幸田君。,3,2
2025-05-29,71,7,1,1,荻原　尚人,13990,41,宮城,89,Ｓ２,追,3.92,98.92,2,5,3,26,5.56,19.44,27.78,0,0,5,2,7,0,高松,05/29,,,,,奈良,05/23,予3,準4,特5,,宇都宮,05/15,般2,抜5,,,自分で。,1,1
2025-05-29,71,7,2,2,森川　大輔,14246,37,岐阜,92,Ｓ２,追,3.92,99.03,6,2,6,17,19.35,25.81,45.16,0,1,5,2,4,1,高松,05/29,,,,,岐阜,05/14,予3,準4,特1,,福井,04/24,予6,般2,般1,,三浦君。,2,2
2025-05-29,71,7,3,3,菅原　大也,15049,34,神奈,107,Ｓ１,両,3.92,101.09,2,6,5,22,5.71,22.86,37.14,2,2,2,2,3,8,高松,05/29,,,,,武雄,05/20,予4,特7,抜1,,平塚,05/10,一3,二8,抜1,特8,自力。,3,1
2025-05-29,71,7,4,4,三浦　貴大,15358,26,岐阜,115,Ｓ２,逃,3.92,97.74,3,4,1,19,11.11,25.93,29.63,0,2,3,2,1,2,高松,05/29,,,,,弥彦,05/20,予2,準7,特1,,岸和田,05/09,予1,準6,特2,,自力。,2,1
2025-05-29,71,7,5,5,佐藤　雅彦,13827,43,宮城,87,Ｓ２,追,3.85,93.96,0,0,1,25,0,0,3.85,0,0,0,0,1,0,高松,05/29,,,,,弥彦,05/20,予4,抜3,特4,,宇都宮,04/22,ア予１6,ア予２7,ア一般5,,荻原君。,1,2
2025-05-29,71,7,6,6,堀　　僚介,15115,30,大阪,109,Ｓ２,逃,3.92,90.91,0,0,1,31,0,0,3.13,0,0,0,0,1,1,高松,05/29,,,,,奈良,05/23,予7,般7,般7,,平塚,05/10,一8,抜9,般8,般8,単騎で。,4,1
2025-05-29,71,7,6,7,菅原　裕太,14826,33,静岡,100,Ｓ２,両,3.92,101.48,4,4,6,17,12.9,25.81,45.16,0,0,8,0,2,0,高松,05/29,,,,,大垣,05/20,予3,準5,特2,,西武園,05/05,予1,準2,決6,,菅原大君。,3,2
2025-05-29,71,8,1,1,山本　　奨,14409,36,岡山,94,Ｓ２,両,3.92,96.73,3,3,1,23,10,20,23.33,0,0,5,1,0,3,高松,05/29,,,,,宇都宮,05/15,一7,抜8,般5,般1,武雄,05/05,予1,準7,般4,,前で。,2,1
2025-05-29,71,8,2,2,尾形　鉄馬,15036,35,宮城,107,Ｓ２,追,3.92,103.43,0,3,2,3,0,37.5,62.5,0,0,1,2,0,0,高松,05/29,,,,,大垣,05/20,予2,準4,特3,,静岡,04/25,予2,準3,特2,,磯島君。,1,2
2025-05-29,71,8,3,3,佐川　翔吾,14399,41,大阪,94,Ｓ２,両,3.92,98.43,2,4,2,15,8.7,26.09,34.78,0,2,1,3,4,2,高松,05/29,,,,,宇都宮,05/15,一8,抜9,般6,般6,取手,04/22,予4,抜5,般7,,自力自在。,3,1
2025-05-29,71,8,4,4,佐藤　成人,12688,51,奈良,71,Ｓ２,追,3.92,97.41,1,4,6,23,2.94,14.71,32.35,0,0,2,3,0,0,高松,05/29,,,,,岸和田,05/18,予3,準6,特6,,平塚,05/10,一7,抜3,抜4,抜3,佐川君。,3,2
2025-05-29,71,8,5,5,磯島　成介,15322,25,青森,115,Ｓ２,逃,3.92,101.64,4,4,4,13,16,32,48,4,3,1,0,5,7,高松,05/29,,,,,武雄,05/20,予7,抜4,抜1,,川崎,04/19,一3,二7,特9,抜3,自力。,1,1
2025-05-29,71,8,6,6,長谷部　翔,15097,30,静岡,109,Ｓ２,両,3.93,95.19,1,1,2,17,4.76,9.52,19.05,0,1,1,0,1,0,高松,05/29,,,,,平塚,05/10,一8,抜7,,,宇都宮,04/22,ア予１6,ア予２7,ア一般4,,北日本勢へ。,1,3
2025-05-29,71,8,6,7,吉本　哲郎,13650,45,広島,84,Ｓ２,両,3.92,95.37,0,3,5,23,0,9.68,25.81,0,0,2,1,2,2,高松,05/29,,,,,玉野,05/18,般5,般5,,,川崎,05/15,予3,抜5,般6,,山本君。,2,2
2025-05-29,71,9,1,1,渡邉　豪大,15052,35,福岡,107,Ｓ２,両,3.93,105.85,7,5,7,8,25.93,44.44,70.37,0,0,9,3,4,0,高松,05/29,,,,,武雄,05/20,予3,準3,特1,,福井,05/02,予1,準1,決2,,平尾君。,1,2
2025-05-29,71,9,2,2,岩本　和也,13045,50,石川,76,Ｓ２,追,3.92,97.42,4,2,3,24,12.12,18.18,27.27,0,2,3,1,1,0,高松,05/29,,,,,奈良,05/23,予6,般4,般5,,岐阜,05/14,予5,抜5,般1,,溝口君。,3,2
2025-05-29,71,9,3,3,柴田　洋輔,14232,39,東京,92,Ｓ２,追,3.92,100.77,2,5,3,16,7.69,26.92,38.46,0,0,4,3,3,0,高松,05/29,,,,,宇都宮,05/15,一1,二5,特3,秀7,熊本,04/21,予6,般5,般5,,鈴木君。,2,2
2025-05-29,71,9,4,4,溝口　　葵,15462,32,三重,117,Ｓ２,逃,3.92,95.31,3,2,1,20,11.54,19.23,23.08,5,0,0,0,1,16,高松,05/29,,,,,大垣,05/20,予4,抜2,特7,,玉野,04/29,予4,抜1,特4,,自力。,3,1
2025-05-29,71,9,5,5,平尾　一晃,15211,28,長崎,111,Ｓ２,逃,3.93,98.61,4,4,2,14,16.67,33.33,41.67,0,5,3,0,3,2,高松,05/29,,,,,大垣,05/20,予7,般2,般4,,取手,04/22,予7,般1,特1,,自力。,1,1
2025-05-29,71,9,6,6,田中　洋輔,13667,45,宮崎,84,Ｓ２,追,3.92,92.16,0,0,1,31,0,0,3.13,0,0,0,0,0,0,高松,05/29,,,,,弥彦,05/20,予6,般4,般4,,平塚,05/10,一9,抜7,般4,般6,九州３番手。,1,3
2025-05-29,71,9,6,7,鈴木　　薫,15346,26,東京,115,Ｓ２,逃,3.92,101.30,5,0,6,12,21.74,21.74,47.83,1,4,0,0,4,4,高松,05/29,,,,,大垣,05/20,予6,般3,般1,,静岡,04/25,,,,,自力自在。,2,1
2025-05-29,71,10,1,1,元砂　勇雪,14946,33,奈良,103,Ｓ２,追,3.92,104.29,2,5,8,14,6.9,24.14,51.72,0,0,3,4,2,0,高松,05/29,,,,,奈良,05/23,予1,準2,決4,,宇都宮,05/15,一3,二6,特6,特3,大石君。,1,2
2025-05-29,71,10,2,2,原田　亮太,15352,28,千葉,115,Ｓ２,逃,3.92,97.92,2,5,1,16,8.33,29.17,33.33,6,1,0,0,3,15,高松,05/29,,,,,宇都宮,05/15,一7,抜2,抜2,特7,熊本,04/21,予2,準7,特7,,自力。,2,1
2025-05-29,71,10,3,3,奥村　諭志,15191,31,岡山,111,Ｓ２,両,3.93,94.32,0,5,3,23,0,16.13,25.81,1,1,3,0,0,8,高松,05/29,,,,,玉野,05/18,予6,般4,般6,,函館,05/02,予4,般5,般2,,自力。,3,1
2025-05-29,71,10,4,4,今岡　徹二,15193,30,広島,111,Ｓ２,両,3.92,96.72,3,1,5,21,10,13.33,30,0,0,3,1,6,0,高松,05/29,,,,,大垣,05/20,予2,準7,特1,,西武園,05/05,予5,般3,般3,,奥村さん。,3,2
2025-05-29,71,10,5,5,大石　崇晴,15106,32,大阪,109,Ｓ２,両,3.92,105.09,8,6,0,9,34.78,60.87,60.87,2,2,9,1,3,7,高松,05/29,,,,,大垣,05/20,予1,準1,決2,,福井,04/24,予1,準2,決1,,自力。,1,1
2025-05-29,71,10,6,6,山田　祥明,14600,45,岐阜,97,Ｓ２,追,3.92,93.12,0,1,0,25,0,3.85,3.85,0,0,1,0,2,0,高松,05/29,,,,,宇都宮,05/15,一9,抜6,般7,般5,豊橋,04/14,予5,抜7,般7,,近畿勢。,1,3
2025-05-29,71,10,6,7,小島　　歩,14592,35,神奈,97,Ｓ２,追,3.93,98.48,1,3,3,24,3.23,12.9,22.58,0,0,2,2,1,0,高松,05/29,,,,,川崎,05/15,予5,抜6,般4,,青森,05/07,予3,準6,特4,,原田君。,2,2
2025-05-29,71,11,1,1,今井　　聡,15250,37,東京,113,Ｓ２,追,3.92,96.44,2,2,3,20,7.41,14.81,25.93,0,1,2,1,1,0,高松,05/29,,,,,川崎,05/15,予6,般2,般4,,大垣,05/08,予4,抜4,般4,,矢野さん。,2,2
2025-05-29,71,11,2,2,田尾　駿介,15199,33,高知,111,Ｓ２,追,3.92,106.13,7,8,3,13,22.58,48.39,58.06,0,1,10,4,8,0,高松,05/29,,,,,福井,05/14,予1,準7,特5,,武雄,05/05,予1,準2,決3,,田中大君。,1,2
2025-05-29,71,11,3,3,田中　　誠,14041,41,福岡,89,Ｓ２,追,3.92,103.26,4,4,5,13,15.38,30.77,50,0,0,4,4,1,0,高松,05/29,,,,,武雄,05/20,予6,抜1,特1,,福井,05/14,予3,抜4,般1,,松本君。,3,2
2025-05-29,71,11,4,4,田中　大我,15363,26,奈良,115,Ｓ２,逃,3.92,102.88,7,4,4,11,26.92,42.31,57.69,7,4,0,0,3,13,高松,05/29,,,,,大垣,05/20,予2,準3,特2,,福井,05/14,予7,般2,般1,,自力。,1,1
2025-05-29,71,11,5,5,矢野　昌彦,14142,43,栃木,91,Ｓ２,逃,3.92,95.45,1,2,2,6,9.09,27.27,45.45,3,0,0,0,0,5,高松,05/29,,,,,平塚,05/10,一8,抜8,般7,般2,豊橋,04/14,,,,,自力。,2,1
2025-05-29,71,11,6,6,安部　達也,13550,47,埼玉,83,Ｓ２,追,3.93,94.48,0,2,4,23,0,6.9,20.69,0,0,0,2,1,0,高松,05/29,,,,,宇都宮,05/15,一8,抜9,般3,抜8,西武園,05/05,予6,般6,般5,,関東３番手。,2,3
2025-05-29,71,11,6,7,松本　憲斗,15570,28,熊本,119,Ｓ２,逃,3.92,96.36,1,2,1,18,4.55,13.64,18.18,0,1,1,1,1,3,高松,05/29,,,,,宇都宮,05/15,一9,抜6,般3,抜4,大垣,05/08,予4,抜7,般6,,自力。,3,1
2025-05-29,71,12,1,1,五日市　誠,13982,40,青森,89,Ｓ１,追,3.92,106.38,5,2,8,14,17.24,24.14,51.72,0,0,5,2,10,1,高松,05/29,,,,,大垣,05/20,初1,準3,決4,,岸和田,05/09,初1,準1,決7,,前で。,1,1
2025-05-29,71,12,2,2,渡部　哲男,13656,45,愛媛,84,Ｓ１,追,3.92,105.62,7,3,1,15,26.92,38.46,42.31,0,0,9,1,1,0,高松,05/29,,,,,玉野,05/18,予1,準2,決1,,名古屋,04/29,一4,抜7,般8,般1,高久保君へ。,2,2
2025-05-29,71,12,3,3,高久保雄介,14833,38,京都,100,Ｓ１,両,3.92,106.28,6,6,2,15,20.69,41.38,48.28,0,5,6,1,1,1,高松,05/29,,,,,奈良,05/23,初5,準5,特1,,福井,05/02,初2,準3,決6,,自力自在。,2,1
2025-05-29,71,12,4,4,河村　雅章,14231,42,東京,92,Ｓ１,両,3.92,105.28,5,5,2,13,20,40,48,0,0,7,3,4,0,高松,05/29,,,,,西武園,05/05,初2,準1,決5,,いわき平,04/28,初4,準5,特1,,単騎で。,3,1
2025-05-29,71,12,5,5,大坪　功一,13443,48,福岡,81,Ｓ１,追,3.92,103.43,2,4,1,15,9.09,27.27,31.82,0,0,5,1,1,0,高松,05/29,,,,,岐阜,05/14,予2,準6,特5,,名古屋,04/29,一7,般8,般7,,瀬戸君。,4,2
2025-05-29,71,12,6,6,瀬戸　栄作,15130,31,長崎,109,Ｓ１,逃,3.92,102.17,2,4,1,16,8.7,26.09,30.43,0,2,3,1,3,1,高松,05/29,,,,,青森,05/07,初4,準4,特2,,別府,04/15,予1,準5,特6,,自力。,4,1
2025-05-29,71,12,6,7,佐藤　友和,13904,42,岩手,88,Ｓ１,両,3.92,108.25,1,2,2,15,5,15,25,0,1,1,1,2,1,高松,05/29,,,,,名古屋,04/29,一4,抜5,抜8,抜4,別府,04/15,初5,準4,特2,,五日市君。,1,2
2025-05-29,37,1,1,1,小出　慎也,15110,33,和歌,109,Ａ２,逃,3.92,80.55,2,2,3,22,6.9,13.79,24.14,2,2,0,0,1,3,伊東,05/27,予7,般7,,,大垣,05/20,予6,般4,般7,,弥彦,05/11,予3,準6,特7,,自力で頑張ります,1,1
2025-05-29,37,1,2,2,川口　秀人,11427,59,徳島,57,Ａ２,追,3.92,82.04,1,4,1,17,4.35,21.74,26.09,0,0,2,3,0,0,伊東,05/27,予6,般4,,,高松,05/21,般2,,,,高松,04/30,予4,抜4,般7,,岡山の三番手へ,3,3
2025-05-29,37,1,3,3,在本　直樹,14320,48,岡山,93,Ａ２,両,3.92,84.58,4,4,3,13,16.67,33.33,45.83,1,4,3,0,1,4,伊東,05/27,予3,準7,,,別府,05/18,予1,準5,特7,,取手,05/04,,,,,流れ見て自力で,3,1
2025-05-29,37,1,4,4,西　　　徹,13273,47,石川,79,Ａ２,追,3.92,81.66,3,2,3,21,10.34,17.24,27.59,0,2,2,1,1,1,伊東,05/27,予5,般3,,,高知,05/17,予5,般2,特5,,高松,04/30,予5,般4,般6,,自分でやります,4,1
2025-05-29,37,1,5,5,堺　　文人,13729,46,和歌,85,Ａ１,追,3.92,83.56,2,3,4,18,7.41,18.52,33.33,0,0,4,1,5,1,伊東,05/27,予5,般5,,,大垣,05/20,予5,般6,般6,,福井,05/14,予3,準7,般3,,同県の小出君へ,1,2
2025-05-29,37,1,6,6,松丸　裕紀,13767,44,福岡,86,Ａ２,追,3.92,79.83,0,3,0,20,0,13.04,13.04,0,0,2,1,2,0,伊東,05/27,予6,般6,,,小松島,05/14,予4,抜6,般2,,取手,04/22,予5,般2,特5,,中団からになる,2,1
2025-05-29,37,1,6,7,土井　　勲,13494,50,岡山,82,Ａ１,追,3.92,81.10,0,2,4,25,0,6.45,19.35,0,0,1,1,2,1,伊東,05/27,予4,般4,,,高松,05/21,般4,,,,小倉,05/08,予4,抜6,般5,,同県の在本君へ,3,2
2025-05-29,37,2,1,1,野村　典嗣,15127,34,愛媛,109,Ａ１,追,3.92,85.57,2,7,5,16,6.67,30,46.67,0,1,3,5,3,1,伊東,05/27,予2,準7,,,青森,05/07,予3,準4,特1,,高松,04/30,予2,準4,特2,,前で頑張ります,1,1
2025-05-29,37,2,2,2,相笠　翔太,14502,35,福島,96,Ａ１,両,3.92,82.43,7,0,2,20,24.14,24.14,31.03,3,3,1,0,2,3,伊東,05/27,予7,般3,,,四日市,05/17,予5,般5,般1,,京王閣,05/04,予7,般1,特7,,流れ見て自力で,2,1
2025-05-29,37,2,3,3,矢田　　晋,14416,47,福岡,94,Ａ２,両,3.93,78.81,2,1,3,21,7.41,11.11,22.22,0,1,2,0,1,1,伊東,05/27,予7,般5,,,函館,05/19,予7,般6,般7,,佐世保,05/01,予7,般7,般7,,自力で頑張るだけ,3,1
2025-05-29,37,2,4,4,大薗　　宏,12634,51,茨城,71,Ａ２,追,3.92,79.17,1,1,0,22,4.17,8.33,8.33,0,0,2,0,0,0,伊東,05/27,予7,般7,,,岐阜,05/14,予5,般5,般4,,京王閣,05/04,般6,,,,相笠君を目標です,2,2
2025-05-29,37,2,5,5,三好　陽一,13970,43,愛媛,88,Ａ２,両,3.93,84.10,4,4,4,19,12.9,25.81,38.71,0,0,5,3,2,0,伊東,05/27,予6,般2,,,高知,05/17,予2,準2,決6,,高松,05/05,予3,準6,特6,,野村君に任せます,1,2
2025-05-29,37,2,6,6,古城　英之,13216,49,広島,78,Ａ２,追,3.92,78.38,0,0,1,20,0,0,4.76,0,0,0,0,0,0,伊東,05/27,予5,般6,,,別府,05/18,予5,般5,般4,,熊本,05/02,予3,般6,般7,,位置は決めずに,4,1
2025-05-29,37,2,6,7,櫻井　利之,14866,38,神奈,101,Ａ２,両,3.92,80.13,4,0,5,29,10.53,10.53,23.68,2,1,1,0,1,6,伊東,05/27,,,,,松阪,05/20,予7,般6,般1,,京王閣,05/04,予4,抜6,般1,,補充コメントなし,5,1
2025-05-29,37,3,1,1,鶴　　良生,15206,30,福岡,111,Ａ１,逃,3.92,90.30,7,5,2,16,23.33,40,46.67,5,5,1,1,4,12,伊東,05/27,初7,準6,,,いわき平,05/16,初7,準6,特7,,別府,05/09,初7,準2,決1,,自力で頑張ります,1,1
2025-05-29,37,3,2,2,宝満　大作,13722,45,岐阜,85,Ａ１,追,3.92,88.95,2,5,1,13,9.52,33.33,38.1,0,0,2,5,2,0,伊東,05/27,予2,準4,,,岐阜,05/08,初4,準2,決7,,福井,04/13,初4,準4,特4,,松田君に任せます,3,2
2025-05-29,37,3,3,3,岩崎　将士,13902,42,青森,88,Ａ１,追,3.92,88.22,4,5,5,13,14.81,33.33,51.85,0,1,5,3,6,1,伊東,05/27,予2,準4,,,いわき平,05/16,予1,準4,決7,,取手,05/04,予2,準5,特6,,①④の三番手へ,1,3
2025-05-29,37,3,4,4,小川　圭二,12474,54,徳島,68,Ａ１,追,3.92,90.50,6,3,8,5,27.27,40.91,77.27,0,0,8,1,0,0,伊東,05/27,初6,準5,,,小松島,05/14,予1,準1,決5,,宇都宮,05/01,予1,準3,決5,,鶴君にマークする,1,2
2025-05-29,37,3,5,5,松田　　大,14673,35,富山,98,Ａ１,両,3.92,83.58,1,1,2,9,7.69,15.38,30.77,1,1,0,0,0,2,伊東,05/27,予4,般1,,,弥彦,05/20,予5,般1,特7,,高松,04/30,予3,抜2,特5,,流れ見て自力自在,3,1
2025-05-29,37,3,6,6,相樂　　修,13184,51,千葉,78,Ａ２,両,3.92,81.00,2,3,4,18,7.41,18.52,33.33,0,0,4,1,0,1,伊東,05/27,予2,準6,,,弥彦,05/20,予6,般5,般3,,青森,05/07,予5,般6,般2,,先手ラインを追走,2,1
2025-05-29,37,3,6,7,鈴木　達也,14575,39,福島,97,Ａ２,追,3.92,83.23,3,4,6,18,9.68,22.58,41.94,0,0,3,4,9,1,伊東,05/27,予3,準3,,,四日市,05/17,予3,準7,般2,,武雄,05/05,予4,準7,般2,,位置は決めずに,4,1
2025-05-29,37,4,1,1,白石　大輔,13916,42,福島,88,Ａ２,両,3.92,88.54,8,4,2,10,33.33,50,58.33,1,2,8,1,1,1,伊東,05/27,予1,準3,,,玉野,05/18,予4,準1,決3,,いわき平,04/28,予1,準5,特2,,自分でやります,2,1
2025-05-29,37,4,2,2,高木　和仁,13070,50,福岡,76,Ａ１,追,3.92,93.29,10,1,1,12,41.67,45.83,50,0,3,7,1,6,0,伊東,05/27,初5,準4,,,熊本,05/13,初1,準4,特1,,川崎,04/28,初1,準1,決4,,山崎君を目標です,1,2
2025-05-29,37,4,3,3,大利　航平,15109,33,和歌,109,Ａ２,両,3.92,85.93,3,7,3,14,11.11,37.04,48.15,0,3,5,2,3,3,伊東,05/27,予5,般2,,,川崎,05/15,予1,準2,決6,,大垣,05/08,予5,般2,特4,,流れ見て自力自在,3,1
2025-05-29,37,4,4,4,高比良　豪,13659,45,福岡,84,Ａ１,両,3.92,85.80,5,6,2,17,16.67,36.67,43.33,0,1,9,1,3,0,伊東,05/27,予3,準5,,,青森,05/07,予3,準6,特6,,高松,04/30,予6,般6,般6,,高木さんの後ろへ,1,3
2025-05-29,37,4,5,5,須藤　直道,12417,53,群馬,68,Ａ１,追,3.92,89.75,4,4,5,11,16.67,33.33,54.17,0,1,5,2,4,0,伊東,05/27,予6,般1,,,岐阜,05/14,予4,準2,決4,,川崎,04/28,予4,準3,特1,,自分でやります,4,1
2025-05-29,37,4,6,6,一ノ瀬貴将,14703,38,大阪,98,Ａ１,両,3.92,85.52,4,0,6,17,14.81,14.81,37.04,0,0,4,0,3,0,伊東,05/27,予4,準5,,,大垣,05/20,予5,般6,般1,,福井,05/14,般3,,,,大利君に任せます,3,2
2025-05-29,37,4,6,7,山崎　駿哉,15279,27,岡山,113,Ａ１,逃,3.92,87.63,8,4,3,15,26.67,40,50,11,1,0,0,1,18,伊東,05/27,予1,準6,,,函館,05/19,予1,準3,決6,,佐世保,05/01,予1,準4,特6,,自力で頑張ります,1,1
2025-05-29,37,5,1,1,塩崎　隼秀,15646,24,愛媛,121,Ｓ２,逃,3.92,94.29,0,2,0,23,0,8,8,0,1,0,1,0,2,伊東,05/27,予6,般6,,,川崎,05/15,予2,準6,特5,,大垣,05/08,予6,般4,般4,,自力で頑張ります,1,1
2025-05-29,37,5,2,2,鷲田　佳史,13959,42,福井,88,Ｓ２,追,3.93,97.76,2,3,6,14,8,20,44,0,0,3,2,5,0,伊東,05/27,予6,般2,,,武雄,05/20,予7,抜6,抜7,,豊橋,04/14,予3,抜5,般4,,中野君を目標です,2,2
2025-05-29,37,5,3,3,春日　勇人,13465,49,千葉,82,Ｓ２,追,3.92,94.75,1,3,2,34,2.5,10,15,0,0,1,3,2,0,伊東,05/27,予6,般4,,,宇都宮,05/15,一6,抜5,般7,般4,西武園,05/05,般7,,,,近畿勢を追走して,2,3
2025-05-29,37,5,4,4,矢島　一弥,14224,39,群馬,92,Ｓ２,追,3.92,92.19,0,0,1,25,0,0,3.85,0,0,0,0,0,0,伊東,05/27,予5,般5,,,宇都宮,05/15,般6,,,,福井,05/14,予5,般5,般7,,決めずにやります,3,1
2025-05-29,37,5,5,5,中野　雄喜,15184,31,京都,111,Ｓ２,両,3.92,95.80,2,3,2,23,6.67,16.67,23.33,1,2,2,0,4,6,伊東,05/27,予4,抜7,,,弥彦,05/20,予7,般1,特5,,平塚,05/10,一7,抜2,抜9,般2,流れ見て自力で,2,1
2025-05-29,37,5,6,6,和田　誠寿,14953,34,広島,103,Ｓ２,追,3.92,91.88,0,0,0,16,0,0,0,0,0,0,0,5,0,伊東,05/27,予7,般7,,,武雄,05/20,予7,抜5,抜6,,豊橋,04/14,予7,般5,般6,,塩崎君を目標です,1,2
2025-05-29,37,6,1,1,金成　和幸,13912,46,福島,88,Ｓ２,追,3.92,97.00,2,4,8,23,5.41,16.22,37.84,0,0,2,4,1,0,伊東,05/27,予3,抜6,,,弥彦,05/20,般6,,,,宇都宮,05/15,一8,抜3,抜4,抜6,中部の後ろへいく,1,3
2025-05-29,37,6,2,2,金ヶ江勇気,15208,29,佐賀,111,Ｓ２,逃,3.92,96.06,1,6,2,23,3.13,21.88,28.13,1,2,1,3,1,2,伊東,05/27,予5,抜4,,,武雄,05/20,抜7,抜2,,,岸和田,05/09,予7,般5,般2,,流れ見て自力で,2,1
2025-05-29,37,6,3,3,今藤　康裕,14750,39,岐阜,99,Ｓ２,追,3.92,96.33,1,2,2,16,4.76,14.29,23.81,0,0,2,1,3,0,伊東,05/27,予4,抜5,,,大垣,05/20,予1,準4,特4,,福井,05/14,予6,般5,般5,,下井君を目標です,1,2
2025-05-29,37,6,4,4,溪　飛雄馬,13805,46,愛媛,86,Ｓ２,追,3.92,97.20,0,6,2,22,0,20,26.67,0,0,3,3,3,0,伊東,05/27,予7,般6,,,川崎,05/15,予5,抜6,般5,,大垣,05/08,予7,般5,般3,,金ヶ江君を目標に,2,2
2025-05-29,37,6,5,5,内田　英介,14163,43,東京,91,Ｓ２,追,3.92,95.47,0,2,2,17,0,9.52,19.05,0,0,0,2,11,0,伊東,05/27,予6,般3,,,大垣,05/20,,,,,玉野,04/29,,,,,溪さんの後ろへ,2,3
2025-05-29,37,6,6,6,下井　　竜,15453,30,三重,117,Ｓ２,逃,3.92,95.12,3,2,1,21,11.11,18.52,22.22,3,0,2,0,2,15,伊東,05/27,予6,般4,,,宇都宮,05/15,一9,抜9,般7,般7,大垣,05/08,予6,般5,般1,,自力で頑張るだけ,1,1
2025-05-29,37,7,1,1,伊原　克彦,14178,43,福井,91,Ｓ２,両,3.92,95.71,1,3,3,18,4,16,28,2,1,1,0,2,5,伊東,05/27,予4,抜5,,,武雄,05/20,予6,抜5,抜6,,岸和田,05/09,予4,準7,般3,,自力で頑張ります,1,1
2025-05-29,37,7,2,2,吉田　智哉,15204,27,愛媛,111,Ｓ２,逃,3.92,100.97,2,2,8,19,6.45,12.9,38.71,0,1,3,0,0,1,伊東,05/27,予7,般2,,,武雄,05/20,予3,特4,抜7,,青森,05/07,予4,準5,特7,,自分でやります,2,1
2025-05-29,37,7,3,3,小菅　　誠,14084,44,神奈,90,Ｓ２,追,3.93,96.97,2,4,5,24,5.71,17.14,31.43,0,0,3,3,0,0,伊東,05/27,予5,抜7,,,大垣,05/20,予6,般3,般6,,平塚,05/10,抜5,般2,抜2,,ここは酒井君へ,3,2
2025-05-29,37,7,4,4,高間　悠平,14475,37,福井,95,Ｓ２,追,3.92,94.82,1,3,3,26,3.03,12.12,21.21,0,0,1,3,2,0,伊東,05/27,予5,抜6,,,岸和田,05/18,般2,般4,,,福井,05/14,予4,抜3,般2,,伊原さんに任せる,1,2
2025-05-29,37,7,5,5,北村　信明,14327,39,徳島,93,Ｓ２,追,3.92,99.58,2,5,7,17,6.45,22.58,45.16,0,0,5,2,0,0,伊東,05/27,予6,般3,,,武雄,05/20,予5,特4,抜4,,西武園,05/05,予4,般1,特3,,吉田君に任せます,2,2
2025-05-29,37,7,6,6,武田　憲祐,14302,42,神奈,93,Ｓ２,追,3.92,93.51,0,2,1,35,0,5.26,7.89,0,0,0,2,8,0,伊東,05/27,般5,,,,京王閣,05/24,予7,般6,般5,,宇都宮,05/15,般7,,,,小菅さんの後ろへ,3,3
2025-05-29,37,7,6,7,酒井　拳蔵,15113,29,大阪,109,Ｓ２,両,3.93,94.14,0,2,2,24,0,7.14,14.29,0,1,1,0,1,5,伊東,05/27,予5,般7,,,岐阜,05/14,予7,般5,般6,,青森,05/07,,,,,自力で頑張るだけ,3,1
2025-05-29,37,8,1,1,伊藤　正樹,12669,52,愛知,71,Ｓ２,追,3.54,98.03,3,2,10,23,7.89,13.16,39.47,0,0,4,1,2,0,伊東,05/27,予4,抜4,,,武雄,05/20,予6,抜2,抜7,,福井,05/14,予4,抜3,特3,,張野君に任せます,1,2
2025-05-29,37,8,2,2,佐藤愼太郎,13533,46,福島,83,Ｓ２,追,3.92,97.69,3,1,5,23,9.38,12.5,28.13,0,0,3,1,0,0,伊東,05/27,予1,準6,,,大垣,05/20,予4,抜5,般2,,福井,05/14,予6,般6,般3,,野口君に付けます,2,2
2025-05-29,37,8,3,3,立部　楓真,15385,26,佐賀,115,Ｓ２,逃,3.92,94.96,13,2,2,10,48.15,55.56,62.96,6,7,2,0,6,17,伊東,05/27,予4,抜2,,,武雄,05/20,予4,特3,特5,,別府,04/25,初1,準1,決1,,自力で力出し切る,3,1
2025-05-29,37,8,4,4,大野　悟郎,13593,45,大分,83,Ｓ２,追,3.92,99.59,1,5,8,15,3.45,20.69,48.28,0,0,1,5,1,0,伊東,05/27,予3,抜2,,,武雄,05/20,予2,準6,特2,,平塚,05/10,一3,二5,特7,抜4,九州の三番手です,3,3
2025-05-29,37,8,5,5,吉本　卓仁,14045,41,福岡,89,Ｓ１,両,3.92,108.85,4,5,5,13,14.81,33.33,51.85,0,0,7,2,0,2,伊東,05/27,初1,準4,,,玉野,05/18,初2,準1,決5,,名古屋,04/29,一6,般2,般5,抜4,立部君に任せます,3,2
2025-05-29,37,8,6,6,張野　幸聖,15366,25,和歌,115,Ｓ２,逃,3.92,92.46,1,0,0,25,3.85,3.85,3.85,0,0,1,0,1,4,伊東,05/27,予7,般1,,,大垣,05/20,予7,般7,般6,,平塚,05/10,一7,抜9,般6,般7,自力で頑張るだけ,1,1
2025-05-29,37,8,6,7,野口　裕史,15169,42,千葉,111,Ｓ１,逃,3.93,101.80,6,3,4,22,17.14,25.71,37.14,6,3,0,0,0,20,伊東,05/27,予2,準7,,,岸和田,05/18,予7,般6,般6,,玉野,05/12,予3,準7,特1,,いつも通り自力で,2,1
2025-05-29,37,9,1,1,柳詰　正宏,14624,37,福岡,97,Ｓ１,追,3.93,105.66,6,5,4,17,18.75,34.38,46.88,0,0,11,0,3,0,伊東,05/27,初5,準4,,,高松,05/21,初4,準3,特4,,西武園,05/05,初7,準4,特2,,津村君に任せます,1,2
2025-05-29,37,9,2,2,木村　　弘,14791,33,青森,100,Ｓ２,逃,3.92,103.89,5,5,6,11,18.52,37.04,59.26,2,4,3,1,4,10,伊東,05/27,予2,準3,,,青森,05/07,予1,準2,決5,,川崎,04/19,一2,二9,抜1,特2,自力で頑張ります,2,1
2025-05-29,37,9,3,3,山本　健也,14005,43,千葉,89,Ｓ２,追,3.92,98.57,3,2,1,23,10.34,17.24,20.69,0,0,3,2,2,0,伊東,05/27,予3,抜3,,,岸和田,05/18,予4,般5,般5,,川崎,04/19,一8,抜5,般1,抜6,村上君を目標です,3,2
2025-05-29,37,9,4,4,藤原　憲征,13693,45,新潟,85,Ｓ２,追,3.92,99.62,2,2,9,16,6.9,13.79,44.83,0,0,3,1,1,0,伊東,05/27,予3,,,,弥彦,05/20,予2,準4,特4,,いわき平,04/28,予3,抜6,般6,,木村君を目標です,2,2
2025-05-29,37,9,5,5,津村洸次郎,14889,33,福岡,101,Ｓ２,両,3.93,97.31,1,4,7,18,3.33,16.67,40,0,1,4,0,6,3,伊東,05/27,予3,抜1,,,岐阜,05/14,予3,準2,決2,,西武園,05/05,予6,般2,特3,,流れ見て自力で,1,1
2025-05-29,37,9,6,6,村上　直久,14465,43,神奈,95,Ｓ２,両,3.92,95.78,2,1,2,22,7.41,11.11,18.52,2,1,0,0,0,10,伊東,05/27,予7,般1,,,弥彦,05/20,予7,般7,般4,,玉野,05/12,予1,準6,特7,,自力で頑張るだけ,3,1
2025-05-29,37,9,6,7,山口　貴嗣,13514,46,福岡,82,Ｓ２,追,3.92,99.13,1,4,4,21,3.33,16.67,30,0,0,2,3,4,0,伊東,05/27,予4,抜1,,,玉野,05/12,予5,抜4,般5,,福井,05/02,予2,準7,般3,,福岡の三番手です,1,3
2025-05-29,37,10,1,1,渡邉　雅也,15444,24,静岡,117,Ｓ１,両,3.92,106.07,6,3,3,15,22.22,33.33,44.44,0,3,5,1,4,3,伊東,05/27,初7,準3,,,川崎,05/15,予2,準4,特6,,青森,05/07,初5,準6,特1,,齋木さんに任せる,2,2
2025-05-29,37,10,2,2,松永　　将,14004,44,茨城,89,Ｓ２,追,3.92,101.58,3,4,5,21,9.09,21.21,36.36,0,0,5,2,3,0,伊東,05/27,予3,準5,,,弥彦,05/20,予2,準4,特5,,福井,05/14,般1,特5,,,藤田君を目標です,1,2
2025-05-29,37,10,3,3,上田　国広,14029,41,三重,89,Ｓ２,追,3.92,102.68,3,2,3,11,15.79,26.32,42.11,0,0,3,2,0,0,伊東,05/27,予2,準5,,,武雄,05/20,予3,準5,特6,,玉野,05/12,予2,準4,特4,,谷口君に任せます,3,2
2025-05-29,37,10,4,4,今野　大輔,15202,31,岡山,111,Ｓ２,両,3.92,98.21,0,3,6,25,0,8.82,26.47,0,0,2,1,10,0,伊東,05/27,予2,,,,弥彦,05/20,予3,抜5,般4,,青森,05/07,予2,準4,特4,,単騎で走ります,4,1
2025-05-29,37,10,5,5,藤田　周磨,15428,27,埼玉,117,Ｓ２,逃,3.92,102.44,5,3,6,11,20,32,56,4,3,0,1,2,11,伊東,05/27,予1,準7,,,玉野,05/18,予4,準1,決3,,静岡,04/25,予3,準7,特6,,自力で頑張ります,1,1
2025-05-29,37,10,6,6,齋木　翔多,15354,26,静岡,115,Ｓ２,逃,3.93,97.56,2,6,5,19,6.25,25,40.63,4,4,0,0,6,17,伊東,05/27,予1,準6,,,川崎,05/15,予3,抜3,特6,,函館,05/02,予5,般2,般1,,自力で頑張るだけ,2,1
2025-05-29,37,10,6,7,谷口　明正,14978,41,三重,103,Ｓ２,両,3.92,97.64,2,2,1,18,8.7,17.39,21.74,0,1,2,1,0,1,伊東,05/27,予5,抜2,,,玉野,05/12,,,,,高松,05/05,予2,準6,特7,,流れ見て自力で,3,1
2025-05-29,37,11,1,1,仁藤　　秀,15442,26,静岡,117,Ａ１,両,3.93,92.15,11,4,2,10,40.74,55.56,62.96,1,6,7,1,4,2,伊東,05/27,初1,準1,,,岸和田,05/18,初7,準1,決1,,武雄,05/05,初3,準4,特1,,望月君に任せます,1,2
2025-05-29,37,11,2,2,久保　光司,15563,28,佐賀,119,Ａ２,逃,3.92,84.09,3,1,3,16,13.04,17.39,30.43,2,0,2,0,0,3,伊東,05/27,予4,準2,,,玉野,05/12,予4,準5,特7,,武雄,05/05,般1,特5,,,初連係の出口君へ,2,2
2025-05-29,37,11,3,3,永井　哉多,15610,23,東京,121,Ａ１,逃,3.92,90.27,14,5,2,9,46.67,63.33,70,11,8,0,0,2,14,伊東,05/27,初2,準1,,,岸和田,05/18,予1,準1,決2,,京王閣,05/04,予1,準1,決7,,流れ見て自力で,3,1
2025-05-29,37,11,4,4,田中　晴基,14081,39,千葉,90,Ａ１,追,3.92,92.00,5,6,5,9,20,44,64,0,0,6,5,9,2,伊東,05/27,初4,準1,,,武雄,05/05,初4,準6,特1,,奈良,04/28,初5,準2,決4,,地元の三番手へ,1,3
2025-05-29,37,11,5,5,出口謙一郎,15719,26,岐阜,123,Ａ２,逃,3.92,89.33,3,3,1,2,33.33,66.67,77.78,3,2,0,1,0,3,伊東,05/27,予1,準3,,,大垣,05/08,予1,準2,決5,,取手,04/22,予2,準7,般1,,自力で頑張るだけ,2,1
2025-05-29,37,11,6,6,橋本　紀彰,14056,45,茨城,90,Ａ２,追,3.92,83.78,3,3,5,16,11.11,22.22,40.74,0,0,4,2,0,0,伊東,05/27,予3,準2,,,大垣,05/20,予3,準5,特5,,取手,05/04,般6,,,,再度永井君マーク,3,2
2025-05-29,37,11,6,7,望月　湧世,15713,21,静岡,123,Ａ２,逃,3.92,92.21,11,4,5,4,45.83,62.5,83.33,13,2,0,0,3,19,伊東,05/27,予1,準2,,,大垣,05/20,予2,準3,特1,,福井,05/02,予1,準1,決2,,前で自力で頑張る,1,1
2025-05-29,37,12,1,1,新田　康仁,12887,51,静岡,74,Ｓ２,両,3.93,102.52,7,1,4,17,24.14,27.59,41.38,0,0,8,0,4,0,伊東,05/27,予2,準1,,,弥彦,05/20,予1,準4,特1,,名古屋,04/29,一9,般4,般8,,ここは阿部君へ,1,2
2025-05-29,37,12,2,2,石川　裕二,14723,41,茨城,99,Ｓ２,追,3.92,101.75,3,3,3,13,13.64,27.27,40.91,0,0,4,2,1,0,伊東,05/27,予1,準2,,,川崎,05/15,予4,抜1,特4,,高松,05/05,予4,準3,特3,,高橋和君にマーク,2,2
2025-05-29,37,12,3,3,野田　源一,13387,46,福岡,81,Ｓ１,両,3.92,105.48,7,6,6,13,21.88,40.63,59.38,1,6,6,0,0,1,伊東,05/27,初2,準2,,,弥彦,05/20,初5,準3,決1,,武雄,05/05,初6,準2,決2,,流れ見て自力自在,3,1
2025-05-29,37,12,4,4,高橋　和也,14168,38,愛知,91,Ｓ２,両,3.92,103.30,6,2,4,11,26.09,34.78,52.17,2,3,3,0,2,7,伊東,05/27,予1,準1,,,岸和田,05/18,予1,準7,特3,,玉野,04/18,予1,準4,特4,,自力で頑張ります,2,1
2025-05-29,37,12,5,5,朝倉　佳弘,14071,44,東京,90,Ｓ１,追,3.92,105.76,3,7,3,12,12,40,52,0,0,6,4,2,0,伊東,05/27,初3,準1,,,玉野,05/18,初4,準4,特4,,武雄,05/05,初1,準2,決4,,ここは野田さんへ,3,2
2025-05-29,37,12,6,6,高橋　昇平,14729,35,埼玉,99,Ｓ２,追,3.92,97.97,2,3,6,20,6.45,16.13,35.48,0,0,2,3,3,0,伊東,05/27,予2,準2,,,大垣,05/20,予5,抜1,特7,,いわき平,04/28,予3,抜7,,,朝倉さんの後ろへ,3,3
2025-05-29,37,12,6,7,阿部　将大,15474,28,大分,117,Ｓ１,逃,3.93,105.92,4,3,2,15,16.67,29.17,37.5,2,3,2,0,7,7,伊東,05/27,初4,準3,,,武雄,05/20,予1,準2,決7,,名古屋,04/29,一5,抜9,般9,般7,自力で頑張ります,1,1
2025-05-29,45,1,1,1,山田　祐太,15241,36,福島,113,Ａ２,逃,3.92,81.13,4,3,4,19,13.33,23.33,36.67,4,2,0,1,2,12,豊橋,05/28,予7,,,,川崎,05/15,予7,般3,般5,,西武園,05/05,予1,準7,般7,,自力でいく。,1,1
2025-05-29,45,1,2,2,園田　鉄兵,14344,41,熊本,93,Ａ２,両,3.92,81.05,2,0,2,16,10,10,20,0,0,2,0,0,0,豊橋,05/28,予7,,,,高知,05/17,予7,般1,特7,,熊本,05/02,,,,,決めずに。,4,1
2025-05-29,45,1,3,3,板崎　佑矢,14887,37,愛媛,101,Ａ２,両,3.93,87.14,3,7,6,13,10.34,34.48,55.17,1,3,3,3,0,1,豊橋,05/28,予5,,,,いわき平,05/16,予4,般1,特3,,小倉,05/08,予4,抜2,特4,,自力自在に。,2,1
2025-05-29,45,1,4,4,藤井　準也,15000,31,岐阜,105,Ａ１,両,3.92,88.29,3,7,3,11,12.5,41.67,54.17,0,0,7,3,3,0,豊橋,05/28,予6,,,,弥彦,05/20,予1,準5,特4,,大垣,05/08,予2,準2,決3,,自分で。,3,1
2025-05-29,45,1,5,5,女屋　文伸,13551,47,埼玉,83,Ａ１,追,3.92,84.71,1,4,6,13,4.17,20.83,45.83,0,0,3,2,1,0,豊橋,05/28,予6,,,,函館,05/19,予4,準7,般4,,京王閣,05/04,予3,準7,特6,,山田君の番手に。,1,2
2025-05-29,45,1,6,6,藤田　剣次,13743,47,福岡,85,Ａ２,追,3.92,76.85,0,0,0,13,0,0,0,0,0,0,0,0,1,豊橋,05/28,予7,,,,玉野,05/18,予7,般6,般6,,小倉,05/08,般4,,,,決めずに。,5,1
2025-05-29,45,1,6,7,田村　浩章,13506,48,徳島,82,Ａ２,追,3.92,85.41,3,2,6,12,13.04,21.74,47.83,0,0,4,1,0,0,豊橋,05/28,予6,,,,岸和田,05/18,,,,,高知,04/10,予3,,,,板崎君マーク。,2,2
2025-05-29,45,2,1,1,山根　泰道,12128,55,岡山,64,Ａ２,追,3.85,81.42,1,0,5,18,4.17,4.17,25,0,0,1,0,3,0,豊橋,05/28,予6,,,,函館,05/19,予6,般3,般4,,高松,04/30,予7,般5,般5,,同県の森君。,2,2
2025-05-29,45,2,2,2,清水　広幸,11382,58,愛知,57,Ａ２,追,3.92,79.32,0,2,2,21,0,8,16,0,0,1,1,1,0,豊橋,05/28,予4,,,,函館,05/14,予3,準7,般6,,玉野,04/18,予6,般7,般6,,近畿勢へ。,1,3
2025-05-29,45,2,3,3,國武　耕二,12326,55,佐賀,66,Ａ１,追,3.92,84.05,0,2,4,15,0,9.52,28.57,0,0,0,2,0,0,豊橋,05/28,予5,,,,武雄,05/05,予3,準5,特6,,別府,04/25,予3,準4,特5,,決めずに。,3,1
2025-05-29,45,2,4,4,薮　　謙治,13581,47,京都,83,Ａ２,追,3.92,84.17,1,3,2,13,5.26,21.05,31.58,0,0,2,2,3,0,豊橋,05/28,予7,,,,大垣,05/08,予4,般4,般6,,大宮,04/26,予2,準4,特3,,中川君の番手。,1,2
2025-05-29,45,2,5,5,郡　　英治,12466,55,広島,68,Ａ１,追,3.92,83.80,0,2,4,9,0,13.33,40,0,0,0,2,0,0,豊橋,05/28,予4,,,,玉野,05/12,予5,般4,般6,,福井,04/24,予4,準5,特3,,岡山勢へ。,2,3
2025-05-29,45,2,6,6,森　　佑樹,14407,39,岡山,94,Ａ２,逃,3.92,77.67,2,0,1,27,6.67,6.67,10,0,1,1,0,1,9,豊橋,05/28,予5,,,,高松,05/21,予6,般7,般7,,岸和田,05/04,予7,般7,般5,,自力でいく。,2,1
2025-05-29,45,2,6,7,中川　繁樹,14314,38,京都,93,Ａ１,逃,3.93,87.50,8,5,6,13,25,40.63,59.38,9,2,1,1,12,13,豊橋,05/28,予5,,,,四日市,05/17,予6,般1,特3,,奈良,05/11,予3,準7,般2,,自力でいく。,1,1
2025-05-29,45,3,1,1,加藤　寛治,13570,47,愛知,83,Ａ１,両,3.92,88.64,4,4,4,13,16,32,48,0,0,5,3,8,2,豊橋,05/28,予1,,,,松阪,05/20,初7,準3,特7,,いわき平,04/28,初7,準2,決4,,同県の疋田君。,2,2
2025-05-29,45,3,2,2,高峰　賢治,12809,54,山梨,73,Ａ２,追,3.92,84.00,2,3,5,17,7.41,18.52,37.04,0,0,2,3,6,0,豊橋,05/28,予2,,,,福井,05/14,予6,般2,特4,,青森,05/07,予4,般1,特4,,東日本の三番手。,3,3
2025-05-29,45,3,3,3,吉川　嘉斗,15010,32,徳島,105,Ａ１,追,3.93,91.35,3,6,5,9,13.04,39.13,60.87,0,0,6,3,1,0,豊橋,05/28,初4,,,,高知,05/17,初7,準3,特1,,玉野,04/29,初1,準2,決3,,田川君の番手に。,1,2
2025-05-29,45,3,4,4,佐々木祐太,15688,25,岩手,123,Ａ２,逃,3.92,87.90,4,7,1,9,19.05,52.38,57.14,6,4,1,0,10,7,豊橋,05/28,予3,,,,函館,05/14,予4,準6,特6,,玉野,04/29,,,,,自力でいく。,3,1
2025-05-29,45,3,5,5,疋田　力也,15536,24,愛知,119,Ａ１,両,3.92,90.96,6,3,6,9,25,37.5,62.5,2,7,0,0,0,9,豊橋,05/28,初2,,,,高松,05/21,初1,準2,決7,,岐阜,05/08,初3,準3,特1,,自力で動いて。,2,1
2025-05-29,45,3,6,6,河野　　要,14383,41,神奈,94,Ａ２,追,3.92,83.13,1,5,0,19,4,24,24,0,0,4,2,1,0,豊橋,05/28,予1,,,,小松島,05/14,予7,般1,特5,,川崎,05/05,予4,準4,特5,,佐々木君の番手に,3,2
2025-05-29,45,3,6,7,田川　翔琉,15568,27,熊本,119,Ａ１,逃,3.92,86.90,3,5,4,9,14.29,38.1,57.14,1,6,0,1,8,8,豊橋,05/28,予3,,,,玉野,05/18,予3,準7,般7,,熊本,04/21,予1,準5,特1,,自力でいく。,1,1
2025-05-29,45,4,1,1,小林　卓人,13283,47,大阪,79,Ａ１,追,3.92,89.71,6,6,1,16,20.69,41.38,44.83,0,0,7,5,4,0,豊橋,05/28,予2,,,,岸和田,05/09,予1,準2,決5,,高松,04/30,予1,準5,特2,,南部君の番手。,1,2
2025-05-29,45,4,2,2,梁島　邦友,15420,26,茨城,117,Ａ１,逃,3.92,92.73,8,4,5,10,29.63,44.44,62.96,4,7,0,1,11,9,豊橋,05/28,初7,,,,高松,05/21,初2,準1,決3,,宇都宮,05/01,初3,準7,特6,,自力でいく。,2,1
2025-05-29,45,4,3,3,岩本　　純,14404,43,岡山,94,Ａ２,両,3.93,87.00,5,4,4,13,19.23,34.62,50,0,1,6,2,4,0,豊橋,05/28,予3,,,,函館,05/19,予2,準7,,,武雄,05/05,予3,準4,特4,,単騎で。,3,1
2025-05-29,45,4,4,4,南部　翔大,15825,24,大阪,125,Ａ２,逃,3.92,94.29,19,2,2,5,67.86,75,82.14,7,10,3,1,7,10,豊橋,05/28,予1,,,,松阪,05/20,予1,準1,決1,,弥彦,05/01,予1,準1,決3,,自力でいく。,1,1
2025-05-29,45,4,5,5,出澤　拓也,15171,34,神奈,111,Ａ１,追,3.93,92.40,4,9,8,9,13.33,43.33,70,0,0,8,5,6,0,豊橋,05/28,初5,,,,小松島,05/14,初7,準3,特3,,宇都宮,05/01,初6,準2,決2,,梁島君の番手に。,2,2
2025-05-29,45,4,6,6,齋藤　輝彦,14301,42,神奈,93,Ａ２,追,3.93,82.24,0,5,3,13,0,23.81,38.1,0,0,3,2,4,0,豊橋,05/28,予2,,,,伊東,05/17,予5,抜3,特5,,大垣,05/08,予6,般3,般2,,出澤君の後ろ。,2,3
2025-05-29,45,4,6,7,峰重祐之介,14843,35,岡山,100,Ａ１,追,3.92,83.84,0,5,6,14,0,20,44,0,0,2,3,4,0,豊橋,05/28,予4,,,,高松,05/21,般5,,,,青森,05/07,予2,準6,特7,,大阪勢へ。,1,3
2025-05-29,45,5,1,1,高橋清太郎,14614,40,岡山,97,Ａ１,追,3.92,90.90,2,8,3,8,9.52,47.62,61.9,0,0,4,6,0,0,豊橋,05/28,初6,,,,高松,05/21,初6,準3,決2,,防府,04/27,予3,準3,特5,,薦田君マーク。,3,2
2025-05-29,45,5,2,2,山崎　　司,14439,41,福島,95,Ａ１,追,3.92,87.07,9,1,10,10,30,33.33,66.67,0,0,10,0,4,0,豊橋,05/28,予1,,,,福井,05/14,予6,般1,特1,,取手,05/04,予4,抜1,特3,,同県の鈴木君。,2,2
2025-05-29,45,5,3,3,児玉虎之介,15717,23,岐阜,123,Ａ２,逃,3.85,91.48,11,7,3,6,40.74,66.67,77.78,14,3,1,0,21,22,豊橋,05/28,予2,,,,伊東,05/17,予1,準2,決4,,岐阜,05/08,予1,準1,決3,,自力でいく。,1,1
2025-05-29,45,5,4,4,薦田　将伍,15288,27,愛媛,113,Ａ１,逃,3.92,92.79,7,4,8,10,24.14,37.93,65.52,1,6,3,1,5,6,豊橋,05/28,初1,,,,川崎,05/15,初3,準1,決2,,高松,05/05,初1,準3,決4,,自力でいく。,3,1
2025-05-29,45,5,5,5,鈴木　涼介,15332,27,福島,115,Ａ１,逃,3.92,93.71,7,9,2,6,29.17,66.67,75,6,6,2,2,4,11,豊橋,05/28,初3,,,,玉野,05/18,初4,準2,決1,,青森,05/07,初1,準1,決7,,自力でいく。,2,1
2025-05-29,45,5,6,6,大関　祐也,15045,30,千葉,107,Ａ２,逃,3.92,83.34,1,6,4,18,3.45,24.14,37.93,6,1,0,0,12,16,豊橋,05/28,予3,,,,松阪,05/20,予4,般3,般2,,宇都宮,05/01,予4,抜5,般2,,単騎でも自力。,4,1
2025-05-29,45,5,6,7,松尾　玄太,14341,39,佐賀,93,Ａ１,追,3.92,87.43,7,1,2,14,29.17,33.33,41.67,0,0,8,0,0,0,豊橋,05/28,予4,,,,小倉,05/08,予1,準3,決6,,宇都宮,05/01,,,,,児玉君の番手に。,1,2
2025-05-29,45,6,1,1,畠山ひすい,15666,23,神奈,122,Ｌ１,逃,3.77,53.60,8,5,5,7,32,52,72,3,7,2,1,2,12,豊橋,05/28,予4,,,,岸和田,05/09,予1,予1,決5,,岐阜,04/25,予１,Ａ1,予２,Ａ1,自力でいく。,1,1
2025-05-29,45,6,2,2,菅原ななこ,15576,24,宮城,120,Ｌ１,両,3.71,47.96,2,0,3,18,8.7,8.7,21.74,1,0,1,0,2,5,豊橋,05/28,予5,,,,小倉,05/08,予5,予6,般5,,高知,04/22,予1,予3,決1,,流れに乗れる様に,6,1
2025-05-29,45,6,3,3,高橋美沙紀,15762,33,愛知,124,Ｌ１,両,3.77,50.70,4,6,3,14,14.81,37.04,48.15,6,2,0,2,2,11,豊橋,05/28,予6,,,,玉野,05/18,予2,予5,決6,,川崎,05/05,予2,予7,般1,,自力自在に。,4,1
2025-05-29,45,6,4,4,下条　未悠,15495,24,富山,118,Ｌ１,両,3.77,54.04,6,9,4,5,25,62.5,79.17,5,9,1,0,1,8,豊橋,05/28,予2,,,,函館,05/02,予1,予3,決2,,岐阜,04/25,予6,抜2,抜7,,自力でいく。,2,1
2025-05-29,45,6,5,5,伊澤　茉那,15854,28,千葉,126,Ｌ１,両,3.77,49.65,3,3,3,18,11.11,22.22,33.33,0,4,1,1,6,6,豊橋,05/28,予1,,,,武雄,05/20,予6,予4,般1,,西武園,05/05,予3,予6,決7,,何でも。,5,1
2025-05-29,45,6,6,6,杉浦　菜留,15490,24,愛知,118,Ｌ１,両,3.79,51.21,4,5,6,18,12.12,27.27,45.45,0,4,1,4,3,3,豊橋,05/28,予3,,,,奈良,05/23,予3,予4,決4,,伊東,05/17,予4,予4,般1,,自在に。,3,1
2025-05-29,45,7,1,1,當銘沙恵美,15491,26,愛知,118,Ｌ１,両,3.79,53.07,2,8,8,12,6.67,33.33,60,6,0,2,2,3,10,豊橋,05/28,予2,,,,伊東,05/17,予2,予3,決4,,福井,05/02,予2,予3,決2,,自力自在に。,1,1
2025-05-29,45,7,2,2,鈴木　彩夏,15140,30,東京,110,Ｌ１,追,3.79,52.30,3,7,10,10,10,33.33,66.67,0,0,3,7,0,0,豊橋,05/28,予3,,,,青森,05/07,予5,予2,決6,,宇都宮,04/22,予1,予4,般1,,取れた位置から。,4,1
2025-05-29,45,7,3,3,中瀬　由真,15768,33,大阪,124,Ｌ１,追,3.77,44.88,0,1,0,23,0,4.17,4.17,0,0,0,1,2,2,豊橋,05/28,予5,,,,伊東,05/17,,,,,武雄,05/05,予7,予7,般7,,臨機応変に。,7,1
2025-05-29,45,7,4,4,河内　桜雪,15669,22,群馬,122,Ｌ１,追,3.77,53.14,2,10,2,7,9.52,57.14,66.67,0,2,3,7,4,0,豊橋,05/28,予4,,,,西武園,05/05,,,,,岐阜,04/25,予１,Ｂ2,予２,Ｂ3,自在に。,3,1
2025-05-29,45,7,5,5,藤原　春陽,15680,23,徳島,122,Ｌ１,両,3.77,51.52,0,6,10,11,0,22.22,59.26,0,0,1,5,4,1,豊橋,05/28,予6,,,,伊東,05/17,予3,予2,決3,,小倉,05/08,予6,予4,般3,,何でも。,5,1
2025-05-29,45,7,6,6,太田　りゆ,15218,30,埼玉,112,Ｌ１,逃,3.79,56.96,23,2,1,2,82.14,89.29,92.86,2,22,0,1,0,17,豊橋,05/28,予1,,,,弥彦,05/11,予1,予1,決1,,函館,05/02,予1,予1,決1,,自力でいく。,2,1
2025-05-29,45,7,6,7,三宅　玲奈,15078,29,岡山,108,Ｌ１,追,3.79,47.33,0,1,4,19,0,4.17,20.83,0,0,0,1,0,0,豊橋,05/28,予7,,,,武雄,05/20,予5,予6,般7,,立川,04/18,,,,,取れた位置から。,6,1
2025-05-29,45,8,1,1,伊豆田浩人,13879,45,神奈,87,Ｓ２,追,3.92,93.54,0,0,1,34,0,0,2.86,0,0,0,0,0,0,豊橋,05/28,予7,,,,川崎,05/15,予4,抜7,般7,,大垣,05/08,予4,抜4,般4,,磯川君の番手に。,4,2
2025-05-29,45,8,2,2,山本　　直,14882,32,岡山,101,Ｓ２,逃,3.92,100.86,4,6,5,14,13.79,34.48,51.72,1,6,3,0,3,3,豊橋,05/28,予5,,,,高松,05/21,予2,準7,般2,,岐阜,05/14,予4,抜2,特3,,自力で動いて。,2,1
2025-05-29,45,8,3,3,鷲見　逸喜,13267,47,岐阜,79,Ｓ２,追,3.92,95.88,1,2,1,22,3.85,11.54,15.38,0,0,1,2,0,0,豊橋,05/28,予5,,,,大垣,05/20,般5,,,,平塚,05/10,一6,抜5,抜7,般7,安藤君の番手。,1,2
2025-05-29,45,8,4,4,磯川　勝裕,15249,30,東京,113,Ｓ２,逃,3.92,93.33,2,2,1,25,6.67,13.33,16.67,2,1,1,0,1,8,豊橋,05/28,予7,,,,玉野,05/18,予5,般2,特7,,大垣,05/08,予7,般6,般5,,自力でいく。,4,1
2025-05-29,45,8,5,5,前反祐一郎,13438,51,広島,81,Ｓ２,追,3.92,97.16,1,3,3,18,4,16,28,0,0,4,0,3,0,豊橋,05/28,予5,,,,福井,05/02,予5,般5,般2,,大宮,04/17,予1,準4,特3,,山本君マーク。,2,2
2025-05-29,45,8,6,6,安藤　直希,15456,27,京都,117,Ｓ２,逃,3.92,92.44,0,1,2,31,0,2.94,8.82,1,0,0,0,0,14,豊橋,05/28,予7,,,,弥彦,05/20,予6,般6,般5,,いわき平,04/28,予7,般6,般5,,自力でいく。,1,1
2025-05-29,45,8,6,7,房州　輝也,14137,38,福島,91,Ｓ２,両,3.93,99.34,6,3,6,20,17.14,25.71,42.86,1,1,6,1,1,1,豊橋,05/28,予6,,,,弥彦,05/20,予6,般5,般1,,玉野,05/12,予5,抜1,特6,,自力自在に。,3,1
2025-05-29,45,9,1,1,古屋　琢晶,14077,39,山梨,90,Ｓ２,両,3.92,95.69,0,1,1,30,0,3.13,6.25,0,0,0,1,8,6,豊橋,05/28,予5,,,,平塚,05/10,一4,二7,特6,特9,函館,05/02,予2,準7,般6,,単騎でも自力。,4,1
2025-05-29,45,9,2,2,橋本　優己,15449,25,岐阜,117,Ｓ２,逃,3.92,102.43,8,2,4,14,28.57,35.71,50,4,6,0,0,5,15,豊橋,05/28,予4,,,,大垣,05/20,般4,般1,,,平塚,05/10,一1,二6,特5,特5,自力でいく。,2,1
2025-05-29,45,9,3,3,佐藤　健太,14888,37,福岡,101,Ｓ２,追,3.92,99.20,1,3,4,14,4.55,18.18,36.36,0,0,1,3,8,0,豊橋,05/28,予4,,,,岐阜,05/14,予5,抜3,般5,,西武園,05/05,予7,般2,般6,,単騎で。,3,1
2025-05-29,45,9,4,4,齋藤　雄行,15616,30,神奈,121,Ｓ２,逃,3.92,97.46,4,1,4,17,15.38,19.23,34.62,0,5,0,0,3,13,豊橋,05/28,予6,,,,大垣,05/20,予5,抜3,特5,,岐阜,05/14,予6,抜6,般6,,自力でいく。,1,1
2025-05-29,45,9,5,5,伊藤　　奎,15330,26,福島,115,Ｓ２,両,3.92,95.25,2,2,3,25,6.25,12.5,21.88,0,0,3,1,2,1,豊橋,05/28,予7,,,,宇都宮,05/15,般6,般2,,,平塚,05/10,一9,抜3,抜7,般6,齋藤さんの番手に,1,2
2025-05-29,45,9,6,6,石丸　寛之,13054,51,岡山,76,Ｓ２,追,3.92,94.33,2,1,4,26,6.06,9.09,21.21,0,0,3,0,0,0,豊橋,05/28,予6,,,,玉野,05/18,予5,般5,般7,,平塚,05/10,一9,抜8,般6,般4,単騎で。,5,1
2025-05-29,45,9,6,7,不破　将登,14394,36,岐阜,94,Ｓ２,両,3.92,101.52,1,5,3,21,3.33,20,30,0,0,3,3,3,1,豊橋,05/28,予6,,,,平塚,05/10,一6,抜1,特2,秀8,名古屋,04/29,一7,般7,般4,,同県の橋本君。,2,2
2025-05-29,45,10,1,1,松川　高大,14421,36,熊本,94,Ｓ２,両,3.92,103.15,5,5,6,11,18.52,37.04,59.26,0,0,7,3,1,0,豊橋,05/28,予1,,,,高松,05/21,予2,準1,決5,,武雄,05/05,予1,準3,特2,,同県の兼本君。,1,2
2025-05-29,45,10,2,2,阿部　大樹,14370,36,埼玉,94,Ｓ１,両,3.92,103.71,1,3,4,17,4,16,32,1,0,2,1,3,1,豊橋,05/28,初3,,,,高松,05/21,初5,準6,特7,,岸和田,05/09,初5,準4,特6,,同県の片折さん。,2,2
2025-05-29,45,10,3,3,友定　祐己,13495,46,岡山,82,Ｓ２,追,3.92,102.91,8,6,5,16,22.86,40,54.29,0,0,11,3,13,0,豊橋,05/28,予4,,,,宇都宮,05/15,一4,二6,特7,特7,大垣,05/08,予2,準3,特2,,前で何かする。,3,1
2025-05-29,45,10,4,4,片折　亮太,14228,37,埼玉,92,Ｓ２,両,3.92,99.10,4,3,3,20,13.33,23.33,33.33,4,0,2,1,3,6,豊橋,05/28,予1,,,,宇都宮,05/15,一4,二4,特4,特7,いわき平,04/28,予2,準6,特7,,自力自在に。,2,1
2025-05-29,45,10,5,5,兼本　将太,15477,28,熊本,117,Ｓ１,逃,3.92,103.96,9,3,5,8,36,48,68,6,6,0,0,2,9,豊橋,05/28,初4,,,,高松,05/21,初2,準1,決3,,武雄,05/05,初5,準5,特1,,自力でいく。,1,1
2025-05-29,45,10,6,6,網谷　竜次,14186,38,香川,91,Ｓ２,追,3.92,97.66,1,2,4,26,3.03,9.09,21.21,0,0,2,1,1,0,豊橋,05/28,予2,,,,玉野,05/18,般4,,,,岐阜,05/14,予4,抜1,特3,,友定さんマーク。,3,2
2025-05-29,45,10,6,7,杉本　正隆,14504,39,茨城,96,Ｓ２,追,3.92,102.84,2,4,1,20,7.41,22.22,25.93,0,0,4,2,1,0,豊橋,05/28,予2,,,,弥彦,05/20,予2,,,,名古屋,04/29,一5,般6,般9,,関東の三番手。,2,3
2025-05-29,45,11,1,1,濱田　浩司,13442,46,愛媛,81,Ｓ１,追,3.92,102.13,0,3,3,11,0,17.65,35.29,0,0,1,2,5,0,豊橋,05/28,初7,,,,高松,05/21,初6,準2,決4,,武雄,05/05,初7,準4,特5,,上野君の番手。,1,2
2025-05-29,45,11,2,2,佐藤　礼文,15337,33,茨城,115,Ｓ１,追,3.92,109.31,7,7,5,7,26.92,53.85,73.08,0,0,11,3,7,0,豊橋,05/28,初1,,,,大垣,05/20,初2,準2,決6,,いわき平,04/28,初2,準1,決3,,初の加藤君へ。,2,2
2025-05-29,45,11,3,3,土生　敦弘,15461,26,大阪,117,Ｓ２,逃,3.92,100.15,7,4,3,20,20.59,32.35,41.18,0,10,1,0,1,10,豊橋,05/28,予1,,,,高松,05/21,予2,準1,決7,,岸和田,05/09,般1,特3,,,自力でいく。,3,1
2025-05-29,45,11,4,4,佐藤　康紀,12786,50,青森,73,Ｓ２,追,3.92,101.52,0,4,2,16,0,18.18,27.27,0,0,1,3,1,0,豊橋,05/28,予3,,,,川崎,05/15,予4,抜2,特5,,いわき平,04/28,予5,抜2,特3,,関東勢へ。,2,3
2025-05-29,45,11,5,5,上野　雅彦,15552,23,香川,119,Ｓ２,逃,3.92,106.19,5,6,2,14,18.52,40.74,48.15,6,3,2,0,4,9,豊橋,05/28,予2,,,,平塚,05/10,一2,二4,準8,特7,玉野,04/29,予1,準2,決2,,自力でいく。,1,1
2025-05-29,45,11,6,6,加藤　将武,15605,23,埼玉,121,Ｓ２,逃,3.92,99.55,4,0,3,13,20,20,35,0,1,3,0,1,3,豊橋,05/28,予3,,,,川崎,05/15,予5,抜3,般6,,大宮,04/17,予1,準1,決4,,自力で動いて。,2,1
2025-05-29,45,11,6,7,松田　治之,12834,51,大阪,73,Ｓ２,追,3.93,103.32,6,5,3,14,21.43,39.29,50,0,1,7,3,1,0,豊橋,05/28,予4,,,,岸和田,05/18,予1,準4,特6,,いわき平,04/28,予2,準2,決6,,土生君に再度。,3,2
2025-05-29,45,12,1,1,志田　龍星,15537,27,岐阜,119,Ｓ１,逃,3.92,109.58,7,5,2,10,29.17,50,58.33,6,6,0,0,2,16,豊橋,05/28,初2,,,,福井,05/14,初5,準2,決6,,名古屋,04/29,一6,般1,抜6,特7,今回は新車は試さず。前が取れれば突っ張るつもりだった。自力で。,2,1
2025-05-29,45,12,2,2,加賀山　淳,14378,41,千葉,94,Ｓ２,逃,3.92,97.96,1,3,3,19,3.85,15.38,26.92,2,2,0,0,0,4,豊橋,05/28,予2,,,,弥彦,05/20,予3,抜2,特7,,平塚,05/10,一7,抜2,抜5,抜6,三角位までは組み立ても良かった。自力で。,3,1
2025-05-29,45,12,3,3,久島　尚樹,14854,34,宮崎,100,Ｓ１,両,3.92,103.44,6,3,4,20,18.18,27.27,39.39,0,0,8,1,0,0,豊橋,05/28,初6,,,,岸和田,05/18,予2,準3,特1,,函館,05/02,初1,準2,,,兼本将君に追走は出来てるし調子自体は悪くない。同県の田村君へ。,1,2
2025-05-29,45,12,4,4,石塚　孝幸,14016,45,神奈,89,Ｓ１,追,3.92,107.63,0,3,2,11,0,18.75,31.25,0,0,2,1,1,0,豊橋,05/28,初5,,,,武雄,05/20,,,,,大宮,04/17,初3,準7,,,復帰戦だが意外と走れた。加賀山君へ。,3,2
2025-05-29,45,12,5,5,吉田　敏洋,13719,45,愛知,85,Ｓ２,両,3.92,99.67,0,4,1,4,0,44.44,55.56,0,0,2,2,0,0,豊橋,05/28,予1,,,,大垣,05/20,予6,般2,般2,,玉野,04/18,予3,準7,特2,,一着を取れたが脚は変わらず。悔しいが前次第になってる。志田君へ。,2,2
2025-05-29,45,12,6,6,佐藤　真一,13245,50,東京,79,Ｓ２,追,3.92,97.76,0,5,2,11,0,27.78,38.89,0,0,3,2,0,0,豊橋,05/28,予3,,,,平塚,05/10,一5,二7,特4,特6,福井,04/24,予3,抜4,般2,,片折亮君に付いて行ければ良かったが、三着で凌げてるので。単騎で。,4,1
2025-05-29,45,12,6,7,田村　　大,15572,27,宮崎,119,Ｓ２,逃,3.92,100.17,3,7,3,22,8.57,28.57,37.14,7,1,2,0,2,17,豊橋,05/28,予3,,,,弥彦,05/20,予4,抜3,特5,,玉野,05/12,予4,抜2,特3,,道中のペ―スは悪くなかったが、蛇行が多かったので修正して。自力。,1,1
2025-05-29,51,1,1,1,山崎　　悟,14220,40,茨城,92,Ａ１,追,3.92,83.33,3,2,3,15,13.04,21.74,34.78,0,1,4,0,4,0,福井,05/27,予3,抜4,,,弥彦,05/11,予7,般1,特6,,西武園,05/05,予4,準2,決7,,自分で何か,2,1
2025-05-29,51,1,2,2,永井　清史,13951,42,岐阜,88,Ａ２,両,3.92,83.88,3,3,3,15,12.5,25,37.5,0,0,5,1,3,0,福井,05/27,予6,般6,,,岸和田,05/04,予7,般5,般5,,立川,04/26,予5,般4,般5,,単騎で,4,1
2025-05-29,51,1,3,3,伊藤　彰規,14520,35,神奈,96,Ａ１,両,3.92,82.19,3,0,8,15,11.54,11.54,42.31,1,1,1,0,2,3,福井,05/27,予4,抜7,,,弥彦,05/11,予6,般3,般3,,立川,04/26,予6,般5,般1,,自力,1,1
2025-05-29,51,1,4,4,四宮　哲郎,12684,51,京都,71,Ａ１,追,3.92,83.62,1,4,2,15,4.55,22.73,31.82,0,0,3,2,2,0,福井,05/27,予5,抜5,,,四日市,05/17,予5,般2,特4,,岸和田,05/04,予5,抜4,般2,,自分で前々に,3,1
2025-05-29,51,1,5,5,小坂　敏之,12861,52,栃木,74,Ａ１,追,3.92,83.42,0,5,2,17,0,20.83,29.17,0,0,0,5,0,0,福井,05/27,予7,般3,,,取手,05/04,予6,般5,般2,,前橋,04/10,予4,般3,般2,,①に,2,2
2025-05-29,51,1,6,6,吉村　文隆,12602,53,京都,70,Ａ２,追,3.83,81.17,0,2,5,17,0,8.33,29.17,0,0,0,2,0,0,福井,05/27,予7,般6,,,弥彦,05/11,予5,般7,般4,,高松,04/30,予3,抜3,特7,,④に,3,2
2025-05-29,51,1,6,7,大西　健士,13942,44,神奈,88,Ａ２,追,3.93,83.11,1,5,5,24,2.86,17.14,31.43,0,0,1,5,2,0,福井,05/27,予6,般3,,,いわき平,05/16,予6,般7,般5,,取手,05/04,予6,般7,般2,,③に,1,2
2025-05-29,51,2,1,1,川木　敬大,13645,46,兵庫,84,Ａ２,追,3.92,86.41,0,3,11,13,0,11.11,51.85,0,0,0,3,1,0,福井,05/27,予4,抜7,,,高知,05/17,予3,準3,特3,,京王閣,05/04,予3,準3,特5,,④に,3,2
2025-05-29,51,2,2,2,吉原　友彦,13567,47,神奈,83,Ａ２,両,3.92,81.50,4,2,3,21,13.33,20,30,0,2,3,1,0,1,福井,05/27,予3,抜6,,,小松島,05/14,予7,般6,般5,,京王閣,05/04,予5,抜2,特6,,自力自在,1,1
2025-05-29,51,2,3,3,峠　　祐介,13175,49,埼玉,78,Ａ２,追,3.92,81.50,0,0,3,8,0,0,27.27,0,0,0,0,1,0,福井,05/27,予7,般4,,,宇都宮,05/01,予5,抜6,般5,,高知,04/10,,,,,南関,1,3
2025-05-29,51,2,4,4,佐野　洋継,14603,37,京都,97,Ａ２,両,3.92,81.80,0,4,3,18,0,16,28,0,2,0,2,3,1,福井,05/27,予7,般5,,,大垣,05/14,般7,,,,奈良,05/11,予4,準6,特6,,自力自在,3,1
2025-05-29,51,2,5,5,井上　　嵩,14584,36,神奈,97,Ａ１,両,3.93,83.44,4,5,2,16,14.81,33.33,40.74,0,0,8,1,0,0,福井,05/27,予4,抜4,,,伊東,05/17,予1,準5,特6,,熊本,04/15,予4,抜6,般7,,②に,1,2
2025-05-29,51,2,6,6,篠崎　高志,12719,52,栃木,72,Ａ２,追,3.92,80.66,0,2,3,24,0,6.9,17.24,0,0,0,2,0,0,福井,05/27,予7,般5,,,四日市,05/17,予6,般6,般4,,宇都宮,05/01,予2,準6,特3,,切れ目から,2,1
2025-05-29,51,2,6,7,岩見　　潤,12675,51,三重,71,Ａ２,追,3.92,83.59,5,1,5,16,18.52,22.22,40.74,0,0,5,1,2,0,福井,05/27,予5,抜3,,,四日市,05/17,予3,準3,特1,,小倉,05/08,予1,準4,特5,,近畿の後ろ,3,3
2025-05-29,51,3,1,1,中里福太郎,15293,29,北海,113,Ａ２,逃,3.92,80.96,1,2,4,20,3.7,11.11,25.93,2,1,0,0,1,11,福井,05/27,予5,般2,,,西武園,05/05,予7,般3,般7,,高知,04/22,ア予１3,ア予２5,ア特般5,,自力,1,1
2025-05-29,51,3,2,2,島野　浩司,11907,56,愛知,62,Ａ１,追,3.92,87.89,0,5,2,11,0,27.78,38.89,0,0,0,5,3,0,福井,05/27,予7,般4,,,岐阜,05/08,予2,準4,特3,,熊本,04/15,予2,準6,特5,,⑤に,2,2
2025-05-29,51,3,3,3,西巻　秀太,14589,40,新潟,97,Ａ２,追,3.92,80.23,0,1,3,26,0,3.33,13.33,0,0,0,1,1,0,福井,05/27,予4,抜5,,,川崎,05/05,予6,般5,般4,,別府,04/25,予3,抜6,般5,,④の後ろ,1,4
2025-05-29,51,3,4,4,小島　雅章,13553,49,埼玉,83,Ａ２,追,3.92,81.03,2,2,5,20,6.9,13.79,31.03,0,1,3,0,0,0,福井,05/27,予5,般7,,,松阪,05/20,予5,般4,般6,,京王閣,05/04,予2,準5,特5,,北の三番手へ,1,3
2025-05-29,51,3,5,5,板橋　慎治,14470,43,岐阜,95,Ａ１,追,3.92,81.37,3,4,2,18,11.11,25.93,33.33,0,1,3,3,8,0,福井,05/27,予4,抜6,,,高知,05/17,予6,般4,般2,,岸和田,05/04,予4,抜4,般6,,自分で,2,1
2025-05-29,51,3,6,6,河上　陽一,14737,49,千葉,99,Ａ２,両,3.92,79.76,0,1,2,18,0,4.76,14.29,0,0,1,0,0,0,福井,05/27,予6,般2,,,伊東,05/17,予4,抜5,般2,,玉野,04/29,予4,般5,般5,,決めず,3,1
2025-05-29,51,3,6,7,榊枝　輝文,13235,48,福島,79,Ａ２,追,3.93,80.50,2,3,2,23,6.67,16.67,23.33,0,0,2,3,0,0,福井,05/27,予6,般7,,,松阪,05/20,予6,般5,般4,,京王閣,05/04,予7,般2,般4,,①に,1,2
2025-05-29,51,4,1,1,福田　拓也,14807,33,栃木,100,Ａ２,追,3.92,86.13,5,0,6,12,21.74,21.74,47.83,0,1,4,0,2,0,福井,05/27,予3,準4,,,弥彦,05/11,予4,準3,特4,,西武園,05/05,予1,準5,特7,,北の後ろ,2,3
2025-05-29,51,4,2,2,篠塚　光一,14102,44,兵庫,90,Ａ２,追,3.92,87.05,4,5,3,11,17.39,39.13,52.17,0,0,6,3,3,0,福井,05/27,予3,準6,,,松阪,05/20,予2,準6,特3,,岸和田,05/04,予3,準7,特5,,中近三番手,1,3
2025-05-29,51,4,3,3,明田　春喜,13976,44,北海,89,Ａ１,追,3.92,87.88,4,4,4,14,15.38,30.77,46.15,0,0,6,2,0,0,福井,05/27,予2,準6,,,四日市,05/11,予1,準3,特5,,函館,05/02,予1,準3,特4,,④の番手,2,2
2025-05-29,51,4,4,4,佐々木吉徳,14797,37,秋田,100,Ａ１,逃,3.92,85.97,6,5,2,17,20,36.67,43.33,6,5,0,0,1,10,福井,05/27,予1,準3,,,岸和田,05/18,予2,準4,特6,,京王閣,05/04,予1,準5,特2,,自力,2,1
2025-05-29,51,4,5,5,布居　寛幸,12747,51,和歌,72,Ａ１,追,3.92,87.93,3,6,5,13,11.11,33.33,51.85,0,0,4,5,2,0,福井,05/27,予2,準3,,,別府,05/18,予1,準2,決3,,弥彦,05/11,予4,準7,般2,,⑦の番手へ,1,2
2025-05-29,51,4,6,6,會田　正一,12431,54,千葉,68,Ａ２,追,3.93,82.79,0,4,8,17,0,13.79,41.38,0,0,0,4,2,0,福井,05/27,予5,抜1,,,伊東,05/17,予5,抜3,特4,,別府,05/09,予4,般3,般2,,一人で,3,1
2025-05-29,51,4,6,7,大谷　靖茂,14305,43,愛知,93,Ａ１,逃,3.92,86.65,7,8,1,16,21.88,46.88,50,7,7,1,0,1,16,福井,05/27,予1,準7,,,高知,05/17,予3,準6,特4,,函館,05/02,予2,準5,特1,,自力で何でも,1,1
2025-05-29,51,5,1,1,荻原　寿嗣,15505,31,北海,119,Ａ２,逃,3.86,82.46,1,1,7,15,4.17,8.33,37.5,2,0,0,0,2,10,福井,05/27,予1,準7,,,伊東,05/17,予4,抜1,特3,,弥彦,04/25,予7,般6,般7,,自力,3,1
2025-05-29,51,5,2,2,小川　達也,14303,38,静岡,93,Ａ２,逃,3.93,85.70,5,3,5,14,18.52,29.63,48.15,6,0,2,0,1,15,福井,05/27,予1,準6,,,函館,05/19,予7,般2,般3,,四日市,05/11,予4,準7,般5,,自力,1,1
2025-05-29,51,5,3,3,植原　琢也,15244,30,埼玉,113,Ａ２,逃,3.92,89.54,7,6,2,10,28,52,60,5,8,0,0,15,12,福井,05/27,予1,準4,,,岸和田,05/18,予1,準1,決3,,京王閣,05/04,予1,準6,特1,,自力,2,1
2025-05-29,51,5,4,4,竹内　一暢,13641,48,滋賀,84,Ａ１,追,3.92,87.69,3,5,4,14,11.54,30.77,46.15,1,0,5,2,8,1,福井,05/27,予2,準7,,,別府,05/18,予1,準3,特4,,小倉,05/08,予5,抜3,特1,,①の番手へ,3,2
2025-05-29,51,5,5,5,遠藤　勝行,12823,50,静岡,73,Ａ１,追,3.92,83.92,3,4,4,15,11.54,26.92,42.31,0,0,4,3,0,0,福井,05/27,予3,抜1,,,取手,05/04,予6,般2,般1,,静岡,04/16,予2,準4,特1,,②の番手,1,2
2025-05-29,51,5,6,6,太田　雅之,13784,47,三重,86,Ａ２,追,3.92,78.17,0,0,4,20,0,0,16.67,0,0,0,0,0,0,福井,05/27,予4,抜2,,,川崎,05/05,予6,般3,般7,,奈良,04/28,予7,般3,般3,,④の後ろ,3,3
2025-05-29,51,5,6,7,小林　圭介,13538,49,茨城,83,Ａ１,追,3.92,88.26,7,3,2,15,25.93,37.04,44.44,0,0,10,0,2,0,福井,05/27,予6,般1,,,大垣,05/14,初4,準7,般1,,宇都宮,05/01,予1,準3,特2,,③の番手,2,2
2025-05-29,51,6,1,1,伊藤　成紀,14096,42,大阪,90,Ａ１,両,3.92,93.24,9,2,5,5,42.86,52.38,76.19,1,2,8,0,1,2,福井,05/27,初4,準5,,,四日市,05/11,初1,準2,決3,,松戸,04/22,初2,準1,決6,,自力,2,1
2025-05-29,51,6,2,2,小野　裕次,14455,36,千葉,95,Ａ１,追,3.92,88.19,7,4,3,13,25.93,40.74,51.85,0,0,8,3,6,0,福井,05/27,予2,準4,,,函館,05/14,予1,準3,特5,,宇都宮,05/01,予4,抜1,特5,,⑥の番手,1,2
2025-05-29,51,6,3,3,伊藤　太一,14153,42,山梨,91,Ａ２,両,3.92,82.85,5,1,1,19,19.23,23.08,26.92,2,3,1,0,6,4,福井,05/27,予5,抜2,,,弥彦,05/11,予5,般3,般7,,取手,05/04,予4,抜6,般4,,自力自在,3,1
2025-05-29,51,6,4,4,森田　康嗣,13980,43,北海,89,Ａ１,両,3.92,84.44,4,4,6,13,14.81,29.63,51.85,1,2,5,0,23,9,福井,05/27,予2,準5,,,函館,05/19,予1,準2,決3,,西武園,05/05,予5,般3,般5,,自力,4,1
2025-05-29,51,6,5,5,鈴木　謙二,14587,39,東京,97,Ａ１,追,3.92,88.36,4,9,3,17,12.12,39.39,48.48,0,1,8,4,10,0,福井,05/27,予2,準5,,,函館,05/19,予3,準5,特5,,弥彦,05/01,初6,準5,特6,,③の番手,3,2
2025-05-29,51,6,6,6,勝俣　　亮,13468,47,神奈,82,Ａ２,両,3.92,81.86,4,4,3,17,14.29,28.57,39.29,5,2,1,0,1,12,福井,05/27,予6,般1,,,小松島,05/14,予6,般2,般7,,京王閣,05/04,予4,抜4,般1,,自力,1,1
2025-05-29,51,6,6,7,窪田　陽介,14093,40,滋賀,90,Ａ２,追,3.92,83.19,0,3,6,18,0,11.11,33.33,0,0,1,2,5,0,福井,05/27,予3,抜3,,,四日市,05/17,予4,準5,特6,,京王閣,05/04,予6,般3,般7,,①の番手,2,2
2025-05-29,51,7,1,1,山本　巨樹,14839,34,大阪,100,Ａ１,追,3.92,91.50,5,7,4,10,19.23,46.15,61.54,0,1,6,5,1,1,福井,05/27,初6,準1,,,高知,05/17,初2,準1,決3,,函館,05/02,初6,準3,特2,,ジカで③の番手に,1,1
2025-05-29,51,7,2,2,近藤　夏樹,14590,37,千葉,97,Ａ１,両,3.92,92.63,6,5,4,12,22.22,40.74,55.56,1,6,2,2,6,4,福井,05/27,初1,準1,,,大垣,05/20,初2,準3,決5,,取手,05/04,初7,準2,決6,,③の番手,2,2
2025-05-29,51,7,3,3,秋本耀太郎,15421,27,栃木,117,Ａ１,逃,3.92,90.63,5,5,2,12,20.83,41.67,50,3,2,3,2,2,8,福井,05/27,初2,準2,,,弥彦,05/20,初4,準7,般2,,いわき平,04/28,初4,準1,決3,,自力,2,1
2025-05-29,51,7,4,4,藤原　　誠,12519,53,岐阜,69,Ａ１,追,3.92,90.81,7,1,5,14,25.93,29.63,48.15,0,0,7,1,2,0,福井,05/27,初7,準3,,,岐阜,05/14,初1,準7,般1,,高松,05/05,初7,準3,特1,,①に,1,2
2025-05-29,51,7,5,5,高橋　雅之,14082,42,千葉,90,Ａ１,追,3.92,92.50,6,4,5,9,25,41.67,62.5,0,0,6,4,2,0,福井,05/27,初3,準2,,,函館,05/19,初6,準4,特6,,川崎,04/28,初5,準1,決3,,②の後ろ,2,3
2025-05-29,51,7,6,6,宇佐見裕輝,14353,39,福島,94,Ａ２,両,3.92,86.13,7,5,4,14,23.33,40,53.33,0,2,7,3,0,0,福井,05/27,予1,準1,,,函館,05/14,予6,般1,特7,,西武園,05/05,予2,準6,特1,,単騎で,3,1
2025-05-29,51,7,6,7,長田　祐弥,13853,43,神奈,87,Ａ１,追,3.92,90.93,1,2,3,8,7.14,21.43,42.86,0,0,2,1,0,0,福井,05/27,初5,準2,,,京王閣,05/04,初3,準4,特3,,大垣,04/16,初6,準6,,,千葉の後ろ,2,4
2025-05-29,61,1,1,1,大浦　彩瑛,15855,29,神奈,126,Ｌ１,逃,3.77,55.26,14,12,1,4,45.16,83.87,87.1,8,18,0,0,3,17,玉野,05/29,,,,,岸和田,05/18,予1,予2,決2,,川崎,05/05,予1,予1,決2,,自力基本。,3,1
2025-05-29,61,1,2,2,西島　叶子,15504,30,熊本,118,Ｌ１,両,3.79,52.76,2,6,14,11,6.06,24.24,66.67,2,1,3,2,0,3,玉野,05/29,,,,,小松島,05/14,予3,予1,決5,,青森,05/07,予4,予3,決5,,臨機応変に。,4,1
2025-05-29,61,1,3,3,黒河内由実,15141,29,長野,110,Ｌ１,追,3.79,50.36,3,3,6,24,8.33,16.67,33.33,1,0,2,3,12,2,玉野,05/29,,,,,奈良,05/23,予5,予4,般5,,函館,05/02,予5,予5,般4,,元気に自在。,1,1
2025-05-29,61,1,4,4,清水　彩那,15401,26,静岡,116,Ｌ１,両,3.79,49.56,4,3,3,16,15.38,26.92,38.46,2,4,1,0,1,8,玉野,05/29,,,,,武雄,05/20,予4,予5,般2,,熊本,05/13,予4,予5,般2,,自在。,5,1
2025-05-29,61,1,5,5,浦部　郁里,14909,38,千葉,102,Ｌ１,両,3.77,48.86,0,4,2,15,0,19.05,28.57,0,1,0,3,3,0,玉野,05/29,,,,,伊東,05/17,予3,予5,決6,,小倉,05/08,予5,予6,般2,,取れた位置から。,2,1
2025-05-29,61,1,6,6,中村　鈴花,15593,23,熊本,120,Ｌ１,追,3.77,48.04,0,2,2,24,0,7.14,14.29,0,0,1,1,3,0,玉野,05/29,,,,,伊東,05/17,予5,予5,般5,,函館,05/02,予5,般5,,,自在。,6,1
2025-05-29,61,1,6,7,猪頭香緒里,14972,48,岡山,104,Ｌ１,追,3.79,46.53,0,1,0,16,0,5.88,5.88,0,0,0,1,5,0,玉野,05/29,,,,,岸和田,05/09,予5,予7,般4,,岐阜,04/25,予１,Ａ7,予２,Ａ7,好位狙い。,7,1
2025-05-29,61,2,1,1,石井　寛子,14963,39,東京,104,Ｌ１,両,3.79,55.92,16,3,1,4,66.67,79.17,83.33,1,7,10,1,1,3,玉野,05/29,,,,,武雄,05/20,予1,予1,決1,,岐阜,04/25,ティア4,ガ準決7,抜1,,自在。,5,1
2025-05-29,61,2,2,2,太田　美穂,15224,28,三重,112,Ｌ１,両,3.77,54.37,11,6,2,8,40.74,62.96,70.37,7,9,1,0,1,21,玉野,05/29,,,,,大垣,05/14,予2,予1,決2,,青森,05/07,予1,予1,決1,,自力。,4,1
2025-05-29,61,2,3,3,田中　まい,14966,35,千葉,104,Ｌ１,両,3.79,50.83,0,1,7,10,0,5.56,44.44,0,0,1,0,0,7,玉野,05/29,,,,,青森,05/07,予3,予5,決7,,伊東,04/19,予3,予3,決4,,自力自在。,2,1
2025-05-29,61,2,4,4,増茂るるこ,14903,33,東京,102,Ｌ１,両,3.77,49.33,1,1,3,10,6.67,13.33,33.33,1,0,0,1,2,1,玉野,05/29,,,,,函館,05/19,,,,,立川,04/18,予3,予2,決6,,前々自在。,6,1
2025-05-29,61,2,5,5,溝口　香奈,15075,39,大分,108,Ｌ１,追,3.77,48.07,1,0,1,12,7.14,7.14,14.29,0,0,1,0,1,0,玉野,05/29,,,,,青森,05/07,予6,予4,般4,,岸和田,04/16,,,,,取れた位置から。,3,1
2025-05-29,61,2,6,6,向井　　円,15314,31,大阪,114,Ｌ１,追,3.79,47.75,0,3,3,22,0,10.71,21.43,0,0,0,3,8,0,玉野,05/29,,,,,奈良,05/23,予7,予2,決7,,函館,05/02,予7,予3,般3,,取れた位置から。,1,1
2025-05-29,61,2,6,7,大和久保美,14925,33,青森,102,Ｌ１,追,3.79,47.20,0,1,3,11,0,6.67,26.67,0,0,1,0,1,0,玉野,05/29,,,,,青森,05/07,予5,予5,般7,,宇都宮,04/22,予3,予4,般6,,前々。,7,1
2025-05-29,61,3,1,1,高橋綜一郎,15564,28,大分,119,Ａ１,逃,3.92,89.57,8,3,1,9,38.1,52.38,57.14,2,7,1,1,5,5,玉野,05/29,,,,,別府,05/09,予1,準3,決2,,四日市,04/13,予1,準1,決5,,自力。,1,1
2025-05-29,61,3,2,2,八尋　英輔,14044,45,福岡,89,Ａ１,追,3.92,87.93,6,2,6,16,20,26.67,46.67,0,0,6,2,4,0,玉野,05/29,,,,,いわき平,05/16,予3,準3,決5,,佐世保,05/01,予2,準3,特4,,高橋君。,1,2
2025-05-29,61,3,3,3,浦川　尊明,13307,49,茨城,80,Ａ１,追,3.92,87.10,3,3,4,12,13.64,27.27,45.45,0,0,3,3,2,0,玉野,05/29,,,,,四日市,05/23,予3,般4,般1,,川崎,05/15,予1,準5,特7,,小坂君。,2,2
2025-05-29,61,3,4,4,吉岡　篤志,13507,46,徳島,82,Ａ２,追,3.92,85.42,2,5,4,16,7.41,25.93,40.74,0,0,3,4,1,0,玉野,05/29,,,,,函館,05/19,予6,般2,特5,,福井,05/02,予3,準4,特6,,葛西君。,3,2
2025-05-29,61,3,5,5,小坂　　丈,15603,29,茨城,121,Ａ２,逃,3.92,84.67,3,5,7,15,10,26.67,50,4,2,2,0,13,14,玉野,05/29,,,,,大垣,05/20,予5,般1,特5,,京王閣,05/04,予3,抜1,特4,,自力。,2,1
2025-05-29,61,3,6,6,井上　将志,14841,38,福岡,98,Ａ２,両,3.92,80.64,0,4,0,11,0,26.67,26.67,0,1,1,2,4,0,玉野,05/29,,,,,奈良,05/11,予5,般5,般6,,青森,04/19,,,,,九州３番手。,1,3
2025-05-29,61,3,6,7,葛西雄太郎,13742,46,愛媛,85,Ａ２,両,3.92,80.31,2,2,4,18,7.69,15.38,30.77,0,3,1,0,0,6,玉野,05/29,,,,,伊東,05/23,予6,般3,般3,,佐世保,05/01,予5,般1,特7,,自力。,3,1
2025-05-29,61,4,1,1,梅田加津也,15526,31,神奈,119,Ａ２,逃,3.92,86.37,5,5,5,15,16.67,33.33,50,6,3,1,0,13,14,玉野,05/29,,,,,伊東,05/17,予3,抜2,特1,,函館,05/02,予1,準5,特3,,自力。,1,1
2025-05-29,61,4,2,2,石田　洋秀,12130,55,広島,64,Ａ２,追,3.92,85.85,1,4,4,18,3.7,18.52,33.33,0,0,3,2,1,0,玉野,05/29,,,,,川崎,05/15,予3,準3,特3,,宇都宮,05/01,予6,般6,般4,,才迫君。,3,2
2025-05-29,61,4,3,3,上野　真吾,14300,37,神奈,93,Ａ２,追,3.93,85.09,1,3,1,7,8.33,33.33,41.67,0,0,2,2,0,0,玉野,05/29,,,,,伊東,05/17,,,,,函館,04/16,予6,般2,,,梅田君。,1,2
2025-05-29,61,4,4,4,川野　　深,15558,27,福岡,119,Ａ２,逃,3.92,83.00,3,1,4,10,16.67,22.22,44.44,3,1,0,0,5,8,玉野,05/29,,,,,岐阜,05/14,予6,般1,特6,,防府,04/27,予6,般4,般4,,自力。,2,1
2025-05-29,61,4,5,5,吉川　裕二,13817,43,大分,86,Ａ２,追,3.93,82.52,3,3,2,19,11.11,22.22,29.63,0,0,4,2,1,0,玉野,05/29,,,,,いわき平,05/16,予5,般5,般2,,取手,05/04,予6,般4,般7,,川野君。,2,2
2025-05-29,61,4,6,6,才迫　勇馬,14487,36,広島,95,Ａ１,逃,3.93,82.26,4,1,4,18,14.81,18.52,33.33,2,2,1,0,1,5,玉野,05/29,,,,,小倉,05/08,予5,般4,般4,,高松,04/30,予1,準7,特3,,自力。,3,1
2025-05-29,61,4,6,7,大泉　英則,13989,44,宮城,89,Ａ２,追,3.92,80.27,0,1,6,23,0,3.33,23.33,0,0,0,1,2,0,玉野,05/29,,,,,伊東,05/17,予6,般4,般4,,京王閣,05/04,般5,,,,神奈川勢へ。,1,3
2025-05-29,61,5,1,1,高橋　優斗,15657,28,大分,121,Ａ１,逃,3.92,88.48,3,1,9,8,14.29,19.05,61.9,0,3,1,0,1,4,玉野,05/29,,,,,小松島,05/14,予2,準6,特5,,岸和田,05/04,,,,,自力。,1,1
2025-05-29,61,5,2,2,小笠原一真,15685,25,青森,123,Ａ２,逃,3.92,86.44,11,4,1,11,40.74,55.56,59.26,13,2,0,0,7,15,玉野,05/29,,,,,松阪,05/20,予2,準1,決7,,川崎,05/05,予2,準3,特7,,自力。,2,1
2025-05-29,61,5,3,3,茅野　寛史,14789,46,鹿児,99,Ａ１,追,3.92,86.29,2,5,4,10,9.52,33.33,52.38,0,0,3,4,7,0,玉野,05/29,,,,,取手,05/04,予3,抜2,特4,,川崎,04/28,,,,,高橋優君。,1,2
2025-05-29,61,5,4,4,高橋　大輝,15157,31,秋田,111,Ａ１,両,3.92,84.40,1,0,4,10,6.67,6.67,33.33,0,0,1,0,2,0,玉野,05/29,,,,,高松,05/21,予4,準7,特3,,取手,05/04,予5,抜4,般6,,小笠原君。,2,2
2025-05-29,61,5,5,5,南部　亮太,14342,40,長崎,93,Ａ２,両,3.85,80.46,1,3,2,18,4.17,16.67,25,0,1,2,1,5,0,玉野,05/29,,,,,高知,05/17,予6,般2,特6,,大垣,05/08,予5,般4,般4,,九州３番手。,1,3
2025-05-29,61,5,6,6,水野　悟志,14388,41,静岡,94,Ａ２,追,3.92,80.00,0,1,3,15,0,5.26,21.05,0,0,0,1,0,0,玉野,05/29,,,,,伊東,05/23,般5,,,,大垣,05/14,予5,般4,般6,,北日本勢へ。,2,3
2025-05-29,61,5,6,7,大竹　哲也,14304,45,静岡,93,Ａ１,追,3.92,0.00,0,0,0,0,0,0,0,0,0,0,0,0,0,玉野,05/29,,,,,弥彦,05/01,,,,,岸和田,12/31,予3,,,,東の４番手。,2,4
2025-05-29,61,6,1,1,高市　訓但,14622,37,愛媛,97,Ａ１,追,3.92,90.19,8,2,3,8,38.1,47.62,61.9,0,1,7,2,2,0,玉野,05/29,,,,,宇都宮,05/01,予1,準1,決7,,静岡,04/16,予1,準5,特4,,下野君。,1,2
2025-05-29,61,6,2,2,樋口　開土,15255,28,東京,113,Ａ２,逃,3.92,88.17,3,4,6,11,12.5,29.17,54.17,2,2,3,0,0,9,玉野,05/29,,,,,青森,05/07,予2,準4,特3,,別府,04/25,予2,準6,特6,,自力。,3,1
2025-05-29,61,6,3,3,古川　宗行,14514,38,東京,96,Ａ１,追,3.92,87.86,0,2,1,4,0,28.57,42.86,0,0,0,2,0,0,玉野,05/29,,,,,西武園,05/05,,,,,静岡,04/16,予3,準2,決4,,樋口君。,3,2
2025-05-29,61,6,4,4,下野　義城,15379,28,愛媛,115,Ａ２,逃,3.92,83.61,3,6,4,20,9.09,27.27,39.39,4,3,1,1,4,12,玉野,05/29,,,,,別府,05/18,予2,準5,特5,,宇都宮,05/01,予2,準7,特4,,自力。,1,1
2025-05-29,61,6,5,5,喜納　隆志,14275,41,沖縄,92,Ａ２,追,3.92,81.48,0,2,5,14,0,9.52,33.33,0,0,1,1,1,0,玉野,05/29,,,,,高松,05/21,予4,般4,般3,,防府,04/27,予6,般6,般2,,自分で。,2,1
2025-05-29,61,6,6,6,高倉　俊宏,14334,38,福岡,93,Ａ１,両,3.92,81.17,2,2,2,18,8.33,16.67,25,1,2,1,0,2,4,玉野,05/29,,,,,武雄,05/05,予5,般3,般5,,大垣,04/21,予5,般6,般1,,一人で。,4,1
2025-05-29,61,6,6,7,白川　将太,14278,38,青森,93,Ａ２,追,3.92,80.13,0,2,1,21,0,8.33,12.5,0,0,0,2,8,1,玉野,05/29,,,,,高松,05/21,予6,般5,般6,,青森,05/07,予2,準4,特7,,東京勢へ。,3,3
2025-05-29,61,7,1,1,栗本　尚宗,15258,31,千葉,113,Ａ１,両,3.92,88.78,10,5,2,10,37.04,55.56,62.96,2,12,1,0,3,7,玉野,05/29,,,,,弥彦,05/20,予2,準2,決6,,京王閣,05/04,予2,準2,決3,,自力。,1,1
2025-05-29,61,7,2,2,峯口　　司,15746,22,長崎,123,Ａ２,逃,3.92,85.43,5,2,2,12,23.81,33.33,42.86,1,6,0,0,1,5,玉野,05/29,,,,,奈良,05/11,予1,準6,特2,,弥彦,04/25,予1,準7,特3,,自力。,2,1
2025-05-29,61,7,3,3,中曽　直彦,12875,52,千葉,74,Ａ１,追,3.92,85.22,2,3,8,15,7.14,17.86,46.43,0,0,5,0,1,0,玉野,05/29,,,,,大垣,05/14,予4,準4,特3,,川崎,05/05,予7,般4,般3,,栗本君。,1,2
2025-05-29,61,7,4,4,竹内　真一,14040,44,福岡,89,Ａ２,追,3.92,83.30,3,1,4,19,11.11,14.81,29.63,0,0,3,1,2,0,玉野,05/29,,,,,函館,05/19,予1,準7,般6,,宇都宮,05/01,予5,抜4,般6,,峯口君。,2,2
2025-05-29,61,7,5,5,佐藤　　謙,14058,39,栃木,90,Ａ２,追,3.93,83.20,2,3,1,19,8,20,24,0,0,3,2,2,0,玉野,05/29,,,,,岸和田,05/18,予5,般6,般5,,弥彦,05/01,予5,般6,,,千葉勢へ。,1,3
2025-05-29,61,7,6,6,屋良　朝春,14374,41,沖縄,94,Ａ１,両,3.93,79.92,0,3,1,20,0,12.5,16.67,0,0,0,3,7,2,玉野,05/29,,,,,別府,05/18,予6,般5,般2,,佐世保,05/01,予5,抜7,般6,,単騎で。,3,1
2025-05-29,61,7,6,7,羽石　国臣,14289,50,栃木,93,Ａ２,追,3.92,79.81,0,1,2,23,0,3.85,11.54,0,0,1,0,1,0,玉野,05/29,,,,,函館,05/19,,,,,佐世保,05/01,予7,般4,般5,,佐藤君。,1,4
2025-05-29,61,8,1,1,枝村　弘樹,15753,26,宮崎,123,Ａ２,逃,3.92,88.67,6,5,1,15,22.22,40.74,44.44,3,7,0,1,1,14,玉野,05/29,,,,,別府,05/18,予4,抜1,特7,,取手,05/04,予2,準2,決4,,自力。,1,1
2025-05-29,61,8,2,2,石坂　永伍,14321,38,岡山,93,Ａ１,両,3.92,87.44,6,3,1,17,22.22,33.33,37.04,0,1,6,2,3,1,玉野,05/29,,,,,奈良,05/11,予1,準4,特4,,高松,04/30,予2,準4,特4,,枝村君。,1,2
2025-05-29,61,8,3,3,齋藤　宗徳,14816,40,千葉,100,Ａ２,逃,3.92,84.88,3,5,3,15,11.54,30.77,42.31,2,3,3,0,4,6,玉野,05/29,,,,,高松,05/21,予5,般7,,,函館,05/14,予3,準6,特7,,自力。,3,1
2025-05-29,61,8,4,4,渡邉　高志,13616,47,栃木,84,Ａ１,追,3.93,84.70,6,1,2,18,22.22,25.93,33.33,0,1,6,0,0,0,玉野,05/29,,,,,福井,05/14,予4,準5,特4,,西武園,05/05,予5,般1,特7,,千葉勢へ。,3,3
2025-05-29,61,8,5,5,赤井　　学,13106,51,千葉,77,Ａ２,追,3.92,82.92,2,2,5,15,8.33,16.67,37.5,0,0,2,2,9,0,玉野,05/29,,,,,京王閣,05/04,予4,抜5,般2,,大宮,04/26,予3,抜4,般1,,齋藤君。,3,2
2025-05-29,61,8,6,6,守安　政雄,14408,47,岡山,94,Ａ２,追,3.92,82.52,2,3,3,15,8.7,21.74,34.78,0,0,4,1,0,0,玉野,05/29,,,,,岸和田,05/04,予7,般3,般6,,別府,04/25,予2,準7,特6,,石坂君。,1,3
2025-05-29,61,8,6,7,大越　啓介,14578,36,栃木,97,Ａ２,追,3.92,81.10,1,1,4,24,3.33,6.67,20,0,0,2,0,0,3,玉野,05/29,,,,,四日市,05/17,予5,般7,般3,,取手,05/04,予4,抜5,般6,,決めず。,2,1
2025-05-29,61,9,1,1,大西　貴晃,14890,32,大分,101,Ａ１,両,3.92,95.78,10,5,0,3,55.56,83.33,83.33,1,10,4,0,2,1,玉野,05/29,,,,,西武園,05/05,初2,準1,決1,,熊本,04/21,初1,準1,決2,,自力。,1,1
2025-05-29,61,9,2,2,稲吉　悠大,14262,38,福岡,92,Ａ１,追,3.92,95.10,12,8,5,4,41.38,68.97,86.21,0,0,15,5,12,1,玉野,05/29,,,,,大垣,05/20,初1,準1,決1,,武雄,05/05,初1,準3,決3,,大西君。,1,2
2025-05-29,61,9,3,3,高津　晃治,13883,45,岡山,87,Ａ１,追,3.92,94.40,9,6,3,8,34.62,57.69,69.23,0,1,10,4,4,0,玉野,05/29,,,,,高松,05/21,初4,準1,決1,,小倉,05/08,初6,準1,決5,,小川君。,3,2
2025-05-29,61,9,4,4,小川将二郎,15643,22,徳島,121,Ａ１,逃,3.92,92.77,6,6,9,9,20,40,70,3,7,2,0,7,9,玉野,05/29,,,,,高知,05/17,初6,準3,決5,,福井,05/02,初3,準2,決4,,自力。,3,1
2025-05-29,61,9,5,5,野崎　将史,15117,38,岡山,109,Ａ１,両,3.92,91.71,7,2,2,13,29.17,37.5,45.83,0,1,8,0,2,0,玉野,05/29,,,,,熊本,05/13,初7,準1,決4,,取手,05/04,,,,,高津さん。,3,3
2025-05-29,61,9,6,6,會澤　　龍,14984,35,宮城,105,Ａ１,両,3.92,91.26,3,8,7,9,11.11,40.74,66.67,0,0,7,4,18,0,玉野,05/29,,,,,伊東,05/17,初3,準1,決3,,大垣,05/08,初3,準3,決2,,九州勢へ。,1,3
2025-05-29,61,9,6,7,坂本将太郎,14862,32,栃木,101,Ａ１,追,3.92,91.13,8,1,2,6,47.06,52.94,64.71,0,0,8,1,4,0,玉野,05/29,,,,,川崎,05/05,,,,,平塚,04/07,初6,,,,１人で。,2,1
2025-05-29,85,1,1,1,古川　大輔,14780,40,広島,99,Ａ３,両,3.93,71.33,4,9,1,16,13.33,43.33,46.67,11,2,0,0,2,18,佐世保,05/28,予6,,,,立川,05/20,予6,般4,般1,,平塚,05/01,予4,抜5,般2,,自力。,1,1
2025-05-29,85,1,2,2,西郷　　剛,12532,56,兵庫,69,Ａ３,追,3.92,67.81,2,0,7,13,9.09,9.09,40.91,0,1,1,0,0,0,佐世保,05/28,予7,,,,松阪,05/20,予5,般3,般4,,弥彦,05/11,予7,般3,般3,,倉田君。,2,2
2025-05-29,85,1,3,3,渡邉　正人,14802,34,福島,100,Ａ３,逃,3.92,68.69,3,2,2,20,11.11,18.52,25.93,3,0,1,1,6,9,佐世保,05/28,予7,,,,立川,05/20,予2,準6,抜6,,弥彦,05/11,予7,般1,抜6,,自力自在。,3,1
2025-05-29,85,1,4,4,山崎　明寛,13415,50,千葉,81,Ａ３,追,3.85,68.17,0,3,1,20,0,12.5,16.67,0,0,1,2,0,0,佐世保,05/28,予7,,,,函館,05/14,予6,般5,般3,,川崎,05/05,予4,準2,決7,,渡邉君。,3,2
2025-05-29,85,1,5,5,丸山　勝也,13713,45,静岡,85,Ａ３,追,3.92,66.37,1,3,1,14,5.26,21.05,26.32,0,0,4,0,0,0,佐世保,05/28,予6,,,,高松,05/15,予6,般4,般1,,平塚,05/01,予6,般2,般4,,山崎さん。,3,3
2025-05-29,85,1,6,6,倉田　紘希,15452,24,三重,117,Ａ３,逃,3.92,63.00,0,0,0,6,0,0,0,0,0,0,0,0,0,佐世保,05/28,予7,,,,伊東,05/04,,,,,大垣,04/21,予6,般6,般5,,自力。,2,1
2025-05-29,85,1,6,7,龍門慎太郎,14550,40,岡山,96,Ａ３,追,3.92,67.94,1,4,5,23,3.03,15.15,30.3,0,1,3,1,4,2,佐世保,05/28,予6,,,,高知,05/17,予4,準6,抜4,,福井,05/08,予6,般4,般3,,古川さん。,1,2
2025-05-29,85,2,1,1,加藤　大輔,13897,45,大分,87,Ａ３,追,3.93,74.00,0,4,1,2,0,57.14,71.43,0,0,0,4,1,0,佐世保,05/28,予6,,,,立川,05/20,,,,,前橋,02/22,予2,,,,吉田君。,1,2
2025-05-29,85,2,2,2,菊池　崇訓,13678,48,栃木,85,Ａ３,追,3.92,68.83,1,1,7,16,4,8,36,0,0,1,1,9,0,佐世保,05/28,予6,,,,大垣,05/14,予4,般4,般3,,平塚,05/01,予6,般3,般2,,横田君。,3,2
2025-05-29,85,2,3,3,松本　琢也,14482,41,兵庫,95,Ａ３,両,3.92,69.38,0,0,5,8,0,0,38.46,0,0,0,0,1,0,佐世保,05/28,予6,,,,高松,05/15,予4,抜6,,,岐阜,05/08,予3,準3,決5,,切れ目から。,2,1
2025-05-29,85,2,4,4,土居　佑次,15286,27,高知,113,Ａ３,逃,3.92,68.22,3,3,5,16,11.11,22.22,40.74,5,0,1,0,3,6,佐世保,05/28,予7,,,,立川,05/20,予1,準7,抜3,,西武園,05/10,予5,抜3,抜7,,九州勢へ。,1,3
2025-05-29,85,2,5,5,吉田　勇気,15472,36,福岡,117,Ａ３,両,3.92,69.21,2,6,6,19,6.06,24.24,42.42,4,2,2,0,4,7,佐世保,05/28,予7,,,,立川,05/20,予3,準2,決4,,西武園,05/10,予7,般5,般5,,自力自在。,1,1
2025-05-29,85,2,6,6,椿　　佳友,12063,57,北海,64,Ａ３,追,3.92,62.88,0,1,1,39,0,2.44,4.88,0,0,1,0,0,0,佐世保,05/28,予7,,,,立川,05/20,予7,般5,般7,,函館,05/14,般7,般7,,,関東勢へ。,3,3
2025-05-29,85,2,6,7,横田　政直,14931,38,群馬,103,Ａ３,逃,3.92,71.27,6,4,5,11,23.08,38.46,57.69,7,3,0,0,5,9,佐世保,05/28,予6,,,,四日市,05/17,予1,準4,決7,,伊東,05/04,予3,準7,抜7,,自力。,3,1
2025-05-29,85,3,1,1,齋藤　　明,11766,58,北海,61,Ａ３,追,3.92,67.88,3,2,2,19,11.54,19.23,26.92,0,0,4,1,4,0,佐世保,05/28,予5,,,,函館,05/19,予5,般1,抜4,,小倉,05/01,予7,,,,関東勢へ。,1,3
2025-05-29,85,3,2,2,中川　博文（取消）,,57,福井,61,Ａ３,追,3.86,69.96,0,4,9,14,0,14.81,48.15,0,0,2,2,1,0,佐世保,05/28,予4,,,,松阪,05/20,予3,準4,決7,,福井,05/08,予3,準3,抜2,,流れを見て前々。,2,1
2025-05-29,85,3,3,3,水木　裕聡,14555,42,高知,96,Ａ３,追,3.92,67.67,3,1,2,21,11.11,14.81,22.22,0,1,3,0,4,2,佐世保,05/28,予4,,,,立川,05/20,予6,般1,抜5,,豊橋,05/05,予5,抜6,般1,,臨機応変に。,3,1
2025-05-29,85,3,4,4,高橋　由記,13927,45,群馬,88,Ａ３,追,3.92,70.83,1,4,5,14,4.17,20.83,41.67,0,0,3,2,0,0,佐世保,05/28,予5,,,,松阪,05/20,予3,準2,決5,,豊橋,05/05,予5,抜1,抜6,,小川君。,1,2
2025-05-29,85,3,5,5,高田　大輔,14693,46,徳島,88,Ａ３,追,3.83,69.34,1,6,5,17,3.45,24.14,41.38,0,1,2,4,5,0,佐世保,05/28,予5,,,,函館,05/19,予6,般4,般5,,豊橋,05/05,予5,抜5,般2,,単騎でやる。,4,1
2025-05-29,85,3,6,6,志村　正洋,13109,50,神奈,77,Ａ３,追,3.85,64.29,0,0,0,23,0,0,0,0,0,0,0,0,0,佐世保,05/28,予4,,,,立川,05/20,予6,般6,般6,,福井,05/08,,,,,東ラインから。,1,4
2025-05-29,85,3,6,7,小川　辰徳,14810,37,埼玉,100,Ａ３,両,3.92,71.45,1,3,1,7,8.33,33.33,41.67,3,0,1,0,1,5,佐世保,05/28,予5,,,,函館,05/19,予2,準7,般1,,四日市,05/11,,,,,自力。,1,1
2025-05-29,85,4,1,1,吉野　　猛,12893,51,愛知,74,Ａ３,追,3.92,68.00,2,1,8,9,10,15,55,0,0,2,1,0,0,佐世保,05/28,予5,,,,立川,05/20,予4,抜1,抜3,,函館,05/14,予7,般3,般7,,臨機応変に。,2,1
2025-05-29,85,4,2,2,大竹　慎吾,11198,59,大分,55,Ａ３,追,3.92,72.54,0,7,6,11,0,29.17,54.17,0,0,0,7,0,0,佐世保,05/28,予4,,,,立川,05/20,予3,準3,抜3,,平塚,05/01,予5,抜4,抜2,,三浦君ラインへ。,1,4
2025-05-29,85,4,3,3,三浦　大輝,15155,27,宮城,111,Ａ３,逃,3.92,72.48,6,7,3,9,24,52,64,9,2,2,0,1,10,佐世保,05/28,予4,,,,松阪,05/20,予6,,,,伊東,05/04,,,,,自力。,1,1
2025-05-29,85,4,4,4,浦山　一栄,12725,53,東京,72,Ａ３,両,3.93,67.89,2,3,5,17,7.41,18.52,37.04,3,0,2,0,1,8,佐世保,05/28,予4,,,,岐阜,05/08,予4,般3,般5,,弥彦,05/01,予6,般6,般3,,自力自在。,3,1
2025-05-29,85,4,5,5,浦野　慈生,14932,39,神奈,103,Ａ３,両,3.92,69.80,0,0,2,4,0,0,33.33,0,0,0,0,0,1,佐世保,05/28,予4,,,,函館,05/19,予5,般4,,,岐阜,04/13,,,,,佐藤さん。,1,3
2025-05-29,85,4,6,6,吉橋　秀城,13684,46,埼玉,85,Ａ３,追,3.92,67.76,1,2,3,15,4.76,14.29,28.57,0,0,2,1,2,0,佐世保,05/28,予5,,,,福井,05/08,予7,,,,平塚,05/01,,,,,浦山さん。,3,2
2025-05-29,85,4,6,7,佐藤　和典,12586,54,神奈,70,Ａ３,追,3.93,72.67,3,4,7,10,12.5,29.17,58.33,0,1,4,2,2,0,佐世保,05/28,予5,,,,弥彦,05/11,予4,準3,決6,,立川,04/26,,,,,三浦君。,1,2
2025-05-29,85,5,1,1,山口幸太郎,14782,46,長崎,99,Ａ３,両,3.92,74.23,7,6,4,9,26.92,50,65.38,0,0,8,5,15,1,佐世保,05/28,予1,,,,福井,05/08,予3,準5,抜6,,平塚,05/01,予3,準4,抜2,,小山君。,1,2
2025-05-29,85,5,2,2,岡崎　克政,14257,39,岡山,92,Ａ３,逃,3.92,71.62,20,7,3,17,42.55,57.45,63.83,22,2,2,1,4,29,佐世保,05/28,予1,,,,函館,05/19,予1,準2,決7,,伊東,05/04,予2,準7,抜3,,自力。,3,1
2025-05-29,85,5,3,3,村上　順規,13320,48,新潟,80,Ａ３,追,3.85,71.73,1,2,3,5,9.09,27.27,54.55,0,1,1,1,0,1,佐世保,05/28,予3,,,,函館,05/14,予2,準5,抜3,,奈良,04/28,予3,準4,決4,,決めずにやる。,2,1
2025-05-29,85,5,4,4,福森慎太郎,13629,48,千葉,84,Ａ３,逃,3.92,72.50,8,2,2,13,32,40,48,2,6,1,1,0,4,佐世保,05/28,予3,,,,大垣,05/14,予2,準4,決3,,弥彦,05/01,予5,準6,抜1,,中四国勢から。,3,3
2025-05-29,85,5,5,5,小山　峻汰,15844,25,熊本,125,Ａ３,逃,3.92,75.22,7,6,5,9,25.93,48.15,66.67,6,4,3,0,7,12,佐世保,05/28,予2,,,,函館,05/19,予1,準1,決2,,いわき平,04/19,予3,準7,抜1,,自力。,1,1
2025-05-29,85,5,6,6,住村　　実,13505,48,徳島,82,Ａ３,追,3.92,71.00,1,6,4,12,4.35,30.43,47.83,0,0,3,4,7,0,佐世保,05/28,予2,,,,奈良,05/11,予7,,,,伊東,05/04,予2,準5,抜4,,岡崎君。,3,2
2025-05-29,85,5,6,7,渡邊　一洋,12738,51,静岡,72,Ａ３,追,3.92,73.00,3,6,3,12,12.5,37.5,50,0,0,7,2,3,0,佐世保,05/28,予2,,,,立川,05/20,予2,準4,抜6,,福井,05/08,予5,抜6,,,九州勢へ。,1,3
2025-05-29,85,6,1,1,原　　清孝,14652,48,沖縄,98,Ａ３,両,3.85,72.44,3,3,3,9,16.67,33.33,50,0,2,2,2,1,0,佐世保,05/28,予3,,,,高知,05/17,予3,準4,抜2,,小倉,05/01,予1,準7,抜1,,中近勢から。,1,4
2025-05-29,85,6,2,2,亀井　宏佳,12858,52,宮城,74,Ａ３,追,3.92,72.47,6,5,8,17,16.67,30.56,52.78,0,0,8,3,0,0,佐世保,05/28,予2,,,,立川,05/20,予7,般3,般2,,四日市,05/11,予1,準4,決4,,前々。,2,1
2025-05-29,85,6,3,3,藤原　夏志,15827,27,大阪,125,Ａ３,逃,3.92,75.48,8,5,3,7,34.78,56.52,69.57,2,8,1,2,5,6,佐世保,05/28,予2,,,,高知,05/17,予5,準1,決4,,福井,05/08,準3,抜1,,,自力。,1,1
2025-05-29,85,6,4,4,坂元　洋行,13953,45,三重,88,Ａ３,追,3.92,76.25,5,12,2,5,20.83,70.83,79.17,0,0,7,10,8,0,佐世保,05/28,予3,,,,立川,05/20,予1,準3,抜1,,四日市,05/11,予2,準2,決2,,藤原君。,1,2
2025-05-29,85,6,5,5,相澤　恵一,14432,38,宮城,95,Ａ３,追,3.92,71.00,3,6,3,17,10.34,31.03,41.38,0,0,4,5,4,0,佐世保,05/28,予3,,,,四日市,05/17,予6,般1,抜3,,弥彦,05/11,予5,般6,般6,,１人でやる。,3,1
2025-05-29,85,6,6,6,滝川　秀嗣,12671,52,愛知,71,Ａ３,追,3.85,67.81,0,0,4,23,0,0,14.81,0,0,0,0,2,0,佐世保,05/28,予2,,,,高松,05/15,予5,抜4,般5,,川崎,05/05,予7,般4,般5,,中近３番手。,1,3
2025-05-29,85,6,6,7,白濱　一平,15210,31,長崎,111,Ａ３,両,3.92,71.56,3,6,1,9,15.79,47.37,52.63,5,2,0,2,3,7,佐世保,05/28,予1,,,,奈良,05/11,予2,準5,抜1,,いわき平,04/19,予2,準2,決6,,単騎でやりたい。,4,1
2025-05-29,85,7,1,1,藤野　竜也,15425,25,栃木,117,Ａ３,追,3.92,72.50,4,6,5,15,13.33,33.33,50,0,1,3,6,1,0,佐世保,05/28,予1,,,,松阪,05/20,予1,準3,決3,,弥彦,05/11,予3,準5,抜5,,中島君。,1,2
2025-05-29,85,7,2,2,中井　　修,12976,55,滋賀,75,Ａ３,両,3.92,71.57,3,5,4,12,12.5,33.33,50,0,3,2,3,5,1,佐世保,05/28,予1,,,,四日市,05/17,予3,準4,抜2,,福井,05/08,般5,般1,,,藤田君。,2,2
2025-05-29,85,7,3,3,ラモスレオ,15300,27,沖縄,113,Ａ３,逃,3.92,70.29,2,1,5,13,9.52,14.29,38.1,2,0,0,1,9,5,佐世保,05/28,予2,,,,小倉,05/01,予4,抜7,般4,,玉野,04/09,予4,準4,抜5,,自力。,3,1
2025-05-29,85,7,4,4,相良　勝美,12559,53,福島,70,Ａ３,追,3.93,69.21,1,2,4,17,4.17,12.5,29.17,0,0,3,0,0,0,佐世保,05/28,予3,,,,四日市,05/17,予4,般3,般3,,西武園,05/10,予3,準4,抜4,,関東勢へ。,1,3
2025-05-29,85,7,5,5,藤田　　真,14032,44,兵庫,89,Ａ３,両,3.92,75.75,11,3,4,6,45.83,58.33,75,3,5,5,1,6,5,佐世保,05/28,予1,,,,松阪,05/20,予1,準6,抜1,,奈良,05/11,予1,準1,決6,,自力自在。,2,1
2025-05-29,85,7,6,6,米原　大輔,13822,45,沖縄,86,Ａ３,追,3.86,68.06,0,2,4,25,0,6.45,19.35,0,0,0,2,1,0,佐世保,05/28,予3,,,,高知,05/17,予4,準7,般4,,小倉,05/01,予2,準6,抜4,,ラモス君。,3,2
2025-05-29,85,7,6,7,中島　竜誠,15802,25,山梨,125,Ａ３,逃,3.92,77.92,14,5,1,4,58.33,79.17,83.33,10,6,2,1,14,16,佐世保,05/28,予1,,,,川崎,05/05,予1,準1,決1,,立川,04/26,予3,準1,決4,,自力。,1,1
2025-05-29,34,1,1,1,那須　萌美,15320,34,宮崎,114,Ｌ１,両,3.77,56.04,13,11,3,3,43.33,80,90,0,4,13,7,1,2,川崎,05/29,,,,,武雄,05/20,予1,予2,決2,,高松,05/05,予3,予1,決3,,流れ見て自在に走る,4,1
2025-05-29,34,1,2,2,鈴木　奈央,15144,28,静岡,110,Ｌ１,両,3.79,55.92,9,9,4,2,37.5,75,91.67,1,3,10,4,0,0,川崎,05/29,,,,,弥彦,05/11,,,,,岐阜,04/25,予1,ガ準決3,ガ特選1,,いつも通りの自在戦,3,1
2025-05-29,34,1,3,3,永塚　祐子,15487,39,神奈,118,Ｌ１,逃,3.77,54.04,5,6,7,6,20.83,45.83,75,0,5,3,3,0,5,川崎,05/29,,,,,函館,05/02,予1,予2,決5,,青森,04/19,予1,予1,決1,,自力自在にやります,2,1
2025-05-29,34,1,4,4,小坂　知子,14970,39,岐阜,104,Ｌ１,両,3.77,51.87,1,3,4,7,6.67,26.67,53.33,0,1,2,1,13,1,川崎,05/29,,,,,大垣,05/14,予4,予3,決4,,高松,05/05,予1,予2,決5,,前々で臨機応変に,1,1
2025-05-29,34,1,5,5,加藤　　舞,15392,28,沖縄,116,Ｌ１,逃,3.77,51.33,3,6,5,19,9.09,27.27,42.42,3,3,1,2,0,7,川崎,05/29,,,,,岸和田,05/18,予1,予5,決4,,弥彦,05/11,予2,予4,決3,,流れ見て自力自在,5,1
2025-05-29,34,1,6,6,渡口まりあ,15315,30,山口,114,Ｌ１,両,3.77,50.42,3,7,4,19,9.09,30.3,42.42,1,7,0,2,2,12,川崎,05/29,,,,,熊本,05/13,予3,予2,決7,,武雄,05/05,予6,予5,般3,,レースの流れ見て,6,1
2025-05-29,34,1,6,7,池上あかり,15683,25,福岡,122,Ｌ１,追,3.77,43.83,0,0,0,6,0,0,0,0,0,0,0,0,0,川崎,05/29,,,,,小松島,05/14,,,,,川崎,05/05,予7,予7,般6,,自在に構えていく,7,1
2025-05-29,34,2,1,1,小林　莉子,14900,32,東京,102,Ｌ１,両,3.77,56.60,17,8,3,2,56.67,83.33,93.33,0,5,18,2,1,2,川崎,05/29,,,,,伊東,05/17,予1,予1,決2,,弥彦,05/11,予1,予1,決2,,流れに応じた自在戦,4,1
2025-05-29,34,2,2,2,當銘　直美,15308,28,愛知,114,Ｌ１,両,3.79,55.74,12,8,5,2,44.44,74.07,92.59,1,14,4,1,3,6,川崎,05/29,,,,,高松,05/21,予2,予1,決3,,武雄,05/05,予2,予2,決3,,自力自在にやります,3,1
2025-05-29,34,2,3,3,五味田奈穂,15760,27,千葉,124,Ｌ１,逃,3.79,52.29,5,6,4,9,20.83,45.83,62.5,4,4,1,2,13,9,川崎,05/29,,,,,函館,05/19,予6,予4,般1,,小倉,05/08,,,,,自力勝負でいきます,1,1
2025-05-29,34,2,4,4,又多　風緑,15679,23,石川,122,Ｌ１,両,3.79,51.53,0,7,13,14,0,20.59,58.82,2,1,0,4,0,10,川崎,05/29,,,,,武雄,05/20,予3,予4,決6,,西武園,05/05,予4,予3,決3,,流れに応じて何でも,5,1
2025-05-29,34,2,5,5,東　　美月,15770,23,兵庫,124,Ｌ１,両,3.77,50.67,1,6,3,14,4.17,29.17,41.67,1,2,1,3,0,1,川崎,05/29,,,,,玉野,05/18,予5,予3,般2,,福井,05/02,予5,予4,般1,,自在に構えていく,6,1
2025-05-29,34,2,6,6,高橋　朋恵,15082,30,東京,108,Ｌ１,追,3.77,49.79,2,4,3,20,6.9,20.69,31.03,0,1,2,3,3,0,川崎,05/29,,,,,岸和田,05/18,予6,予2,決7,,武雄,05/05,予3,予5,決6,,流れ見て自在に走る,7,1
2025-05-29,34,2,6,7,橋本　佳耶,15319,29,熊本,114,Ｌ１,両,3.77,49.04,1,1,6,19,3.7,7.41,29.63,0,0,1,1,19,0,川崎,05/29,,,,,大垣,05/14,予3,予4,般1,,武雄,05/05,予4,予4,般2,,やれる事をやりたい,2,1
2025-05-29,34,3,1,1,鳥越　靖弘,13117,50,愛知,77,Ａ１,追,3.93,87.36,5,2,5,11,21.74,30.43,52.17,0,0,5,2,0,0,川崎,05/29,,,,,小倉,05/08,予2,,,,別府,04/15,予1,準4,特3,,中近ライン３番手,1,3
2025-05-29,34,3,2,2,松山　桂輔,13950,41,愛知,88,Ａ１,追,3.92,86.81,2,1,4,11,11.11,16.67,38.89,0,0,2,1,0,0,川崎,05/29,,,,,高松,05/21,予2,準3,特6,,大垣,05/14,,,,,伊藤君目標ですね,1,2
2025-05-29,34,3,3,3,伊藤　歩登,15275,26,兵庫,113,Ａ２,逃,3.93,85.37,3,8,4,12,11.11,40.74,55.56,8,2,1,0,0,13,川崎,05/29,,,,,伊東,05/17,予7,般2,般2,,奈良,05/11,予3,準3,特2,,いつも通り自力で,1,1
2025-05-29,34,3,4,4,引地　正人,13828,44,秋田,87,Ａ２,逃,3.92,84.44,5,4,4,14,18.52,33.33,48.15,5,4,0,0,1,12,川崎,05/29,,,,,別府,05/09,予7,般7,般1,,宇都宮,05/01,予2,準2,決6,,自力で頑張ります,2,1
2025-05-29,34,3,5,5,阿部　英光,13988,43,宮城,89,Ａ２,追,3.85,83.74,2,2,4,19,7.41,14.81,29.63,0,0,4,0,3,0,川崎,05/29,,,,,松阪,05/20,予4,般4,般5,,高松,05/05,予2,準4,特6,,引地さんに付けます,2,2
2025-05-29,34,3,6,6,山信田　学,13556,48,埼玉,83,Ａ１,追,3.92,82.62,3,1,6,16,11.54,15.38,38.46,0,0,3,1,3,0,川崎,05/29,,,,,松阪,05/20,予7,般1,特6,,玉野,05/12,予3,準6,特7,,東北の後ろにいく,2,3
2025-05-29,34,3,6,7,亀井　雅斗,12946,49,群馬,75,Ａ２,追,3.92,80.91,2,0,1,19,9.09,9.09,13.64,0,0,2,0,0,0,川崎,05/29,,,,,小松島,05/14,予5,般5,般4,,函館,05/02,予7,般4,般5,,決めず先手勢から,3,1
2025-05-29,34,4,1,1,長井　優斗,14452,37,東京,95,Ａ１,追,3.92,88.56,2,2,3,12,10.53,21.05,36.84,0,0,2,2,4,0,川崎,05/29,,,,,松阪,05/20,予3,準2,決5,,青森,05/07,予1,準5,特5,,齋藤君にマークする,2,2
2025-05-29,34,4,2,2,山本　隼人,15189,27,大阪,111,Ａ２,追,3.92,87.04,3,6,7,8,12.5,37.5,66.67,0,0,6,3,18,0,川崎,05/29,,,,,伊東,05/17,,,,,福井,05/02,予2,準3,特2,,谷口さんに付けます,1,2
2025-05-29,34,4,3,3,谷口　友真,15114,35,大阪,109,Ａ１,逃,3.92,86.59,3,4,2,14,13.04,30.43,39.13,2,4,0,1,8,10,川崎,05/29,,,,,函館,05/14,予7,般1,特4,,高松,04/30,予2,準2,決7,,自力勝負でいきます,1,1
2025-05-29,34,4,4,4,台　　和紀,13555,48,埼玉,83,Ａ１,追,3.92,84.79,3,3,1,13,15,30,35,0,0,4,2,1,0,川崎,05/29,,,,,函館,05/19,予5,般4,般5,,大垣,05/08,,,,,関東ライン３番手,2,3
2025-05-29,34,4,5,5,齋藤　一茂,14579,36,群馬,97,Ａ１,逃,3.92,84.67,6,5,2,14,22.22,40.74,48.15,10,1,0,0,0,14,川崎,05/29,,,,,大垣,05/20,予7,般7,般1,,取手,05/04,予5,抜7,般2,,いつも通り臨機応変,2,1
2025-05-29,34,4,6,6,井上　公利,14280,43,宮城,93,Ａ１,逃,3.92,83.94,7,4,1,20,21.88,34.38,37.5,7,3,1,0,0,11,川崎,05/29,,,,,弥彦,05/11,予6,般1,特7,,京王閣,05/04,般6,,,,流れ見て自力でいく,3,1
2025-05-29,34,4,6,7,佐々木健司,13006,51,青森,76,Ａ２,追,3.83,81.71,0,2,6,21,0,6.9,27.59,0,0,0,2,6,0,川崎,05/29,,,,,大垣,05/14,予4,般2,特7,,佐世保,05/01,予3,抜3,特6,,井上君にマークする,3,2
2025-05-29,34,5,1,1,長沼　謙太,14734,35,東京,99,Ａ２,追,3.92,87.44,7,2,3,6,38.89,50,66.67,0,1,6,2,6,0,川崎,05/29,,,,,熊本,05/02,予5,般1,特3,,高知,04/22,,,,,平川君にマークする,1,2
2025-05-29,34,5,2,2,水書　義弘,12960,51,千葉,75,Ａ１,追,3.93,86.63,3,2,3,22,10,16.67,26.67,0,0,3,2,0,0,川崎,05/29,,,,,大垣,05/20,予3,準6,特3,,岐阜,05/08,予1,準5,特4,,ラインの川田君目標,2,2
2025-05-29,34,5,3,3,坂本　　毅,13086,53,岩手,77,Ａ２,追,3.92,84.67,3,2,4,12,14.29,23.81,42.86,0,0,3,2,0,0,川崎,05/29,,,,,四日市,05/11,予7,般1,特4,,大宮,04/26,予2,準5,特5,,佐々木君に付けます,3,2
2025-05-29,34,5,4,4,佐々木孝司,13668,46,青森,84,Ａ２,逃,3.92,84.67,4,5,8,16,12.12,27.27,51.52,5,4,0,0,8,19,川崎,05/29,,,,,熊本,05/13,予4,準3,特7,,青森,05/07,般2,般3,,,流れ見て自力でいく,3,1
2025-05-29,34,5,5,5,成清謙二郎,14083,41,千葉,90,Ａ２,追,3.92,83.13,1,4,3,16,4.17,20.83,33.33,0,0,2,3,3,0,川崎,05/29,,,,,弥彦,05/20,予3,準5,特6,,四日市,05/11,予4,般6,般4,,南関ライン３番手,2,3
2025-05-29,34,5,6,6,川田　　忍,13854,46,神奈,87,Ａ２,両,3.93,82.91,4,2,3,14,17.39,26.09,39.13,6,0,0,0,4,7,川崎,05/29,,,,,佐世保,05/01,,,,,取手,04/22,予7,般1,特3,,自力で頑張ります,2,1
2025-05-29,34,5,6,7,平川　雅晃,15044,34,長野,107,Ａ２,逃,3.92,81.64,3,2,5,12,13.64,22.73,45.45,3,2,0,0,0,8,川崎,05/29,,,,,別府,05/09,予2,準7,,,松戸,04/22,予7,般3,,,いつも通り自力で,1,1
2025-05-29,34,6,1,1,吉村　和之,13332,47,岐阜,80,Ａ１,追,3.93,88.78,5,7,6,9,18.52,44.44,66.67,0,0,7,5,4,0,川崎,05/29,,,,,大垣,05/20,初6,準4,特2,,京王閣,05/04,予1,準3,特2,,ラインの石田君へ,1,2
2025-05-29,34,6,2,2,齋藤　友幸,14086,41,静岡,90,Ａ１,逃,3.92,86.50,0,3,1,7,0,27.27,36.36,1,0,0,2,2,1,川崎,05/29,,,,,青森,05/07,予6,,,,奈良,04/28,予3,準7,特5,,自力で頑張ります,2,1
2025-05-29,34,6,3,3,石田　拓真,15532,23,愛知,119,Ａ１,逃,3.92,86.39,9,2,4,13,32.14,39.29,53.57,10,1,0,0,0,17,川崎,05/29,,,,,いわき平,05/16,予3,般1,特1,,小倉,05/08,予1,準7,特1,,自力勝負でいきます,1,1
2025-05-29,34,6,4,4,望月　紀男,13259,48,静岡,79,Ａ２,追,3.92,84.32,3,0,6,19,10.71,10.71,32.14,0,0,3,0,2,0,川崎,05/29,,,,,伊東,05/23,般1,,,,四日市,05/17,予7,般7,般5,,同県の齋藤君目標に,2,2
2025-05-29,34,6,5,5,柳原　　司,14676,40,大阪,98,Ａ２,両,3.92,81.00,0,2,5,20,0,7.41,25.93,0,0,0,2,0,0,川崎,05/29,,,,,高松,05/21,予6,般4,般3,,函館,05/14,予6,般7,般7,,中部の後ろにいく,1,3
2025-05-29,34,6,6,6,安坂　洋一,13255,49,神奈,79,Ａ２,追,3.92,78.73,0,0,2,31,0,0,6.06,0,0,0,0,0,0,川崎,05/29,,,,,高松,05/21,予7,般6,般6,,青森,05/07,予6,般4,般5,,静岡の後ろにいく,2,3
2025-05-29,34,6,6,7,伊藤　一貴,12717,53,栃木,72,Ａ２,追,3.92,78.00,0,0,2,26,0,0,7.14,0,0,0,0,0,0,川崎,05/29,,,,,四日市,05/11,予6,般6,般6,,弥彦,05/01,予6,般5,般6,,決めず流れに応じて,3,1
2025-05-29,34,7,1,1,吉田　篤史,15108,36,奈良,109,Ａ１,両,3.92,88.00,5,6,3,12,19.23,42.31,53.85,5,3,3,0,3,12,川崎,05/29,,,,,大垣,05/14,予2,準3,特6,,奈良,04/28,予2,準7,,,自力で頑張ります,1,1
2025-05-29,34,7,2,2,田村　風起,15056,30,奈良,107,Ａ２,両,3.92,87.17,4,4,4,12,16.67,33.33,50,0,0,6,2,6,0,川崎,05/29,,,,,岸和田,05/18,予3,準6,特2,,奈良,05/11,予2,準5,特1,,近畿で吉田さん目標,1,2
2025-05-29,34,7,3,3,秋葉　大輔,14070,42,東京,90,Ａ１,追,3.92,86.03,5,4,3,18,16.67,30,40,0,0,7,2,2,0,川崎,05/29,,,,,松阪,05/20,予4,準5,特5,,いわき平,04/28,予6,般5,般6,,ラインの戸塚君へ,3,2
2025-05-29,34,7,4,4,佐野　恭太,14387,45,静岡,94,Ａ２,両,3.92,82.43,1,3,2,15,4.76,19.05,28.57,0,1,0,3,3,0,川崎,05/29,,,,,玉野,05/18,予2,準4,特7,,奈良,04/28,予7,般4,般4,,渡邊君に任せます,2,2
2025-05-29,34,7,5,5,梅原　大治,13417,48,静岡,81,Ａ２,追,3.93,82.15,2,2,6,17,7.41,14.81,37.04,0,0,3,1,1,0,川崎,05/29,,,,,松阪,05/20,予6,般3,般3,,取手,05/04,予4,抜3,特5,,静岡ライン３番手,2,3
2025-05-29,34,7,6,6,戸塚　涼介,15163,31,埼玉,111,Ａ２,逃,3.85,81.48,3,2,0,18,13.04,21.74,21.74,4,1,0,0,2,12,川崎,05/29,,,,,玉野,05/12,予4,般1,特6,,青森,04/19,ア予１7,ア予２6,ア特般6,,いつも通り自力で,3,1
2025-05-29,34,7,6,7,渡邊　颯太,15100,29,静岡,109,Ａ２,逃,3.92,78.87,1,1,3,25,3.33,6.67,16.67,0,0,1,1,1,3,川崎,05/29,,,,,弥彦,05/20,予5,般6,般4,,岐阜,05/08,予5,般7,般7,,自力で組み立てる,2,1
2025-05-29,34,8,1,1,山田　駿斗,15706,21,千葉,123,Ａ２,逃,3.92,92.67,8,4,1,2,53.33,80,86.67,9,2,1,0,5,9,川崎,05/29,,,,,岐阜,05/08,予1,準4,特2,,福井,04/24,予2,準3,決1,,自力で頑張ります,1,1
2025-05-29,34,8,2,2,岡本　英之,13695,46,千葉,85,Ａ１,追,3.93,89.26,7,3,2,15,25.93,37.04,44.44,0,1,9,0,3,0,川崎,05/29,,,,,小松島,05/14,予3,準6,特2,,弥彦,05/01,初1,準3,決5,,千葉同士で山田君へ,1,2
2025-05-29,34,8,3,3,中川　貴史,13270,48,三重,79,Ａ１,追,3.92,86.48,5,6,1,15,18.52,40.74,44.44,0,2,7,2,2,1,川崎,05/29,,,,,岸和田,05/18,予2,準5,特2,,奈良,04/28,予4,準6,特2,,自分で何かやりたい,2,1
2025-05-29,34,8,4,4,井上　雄三,13932,42,埼玉,88,Ａ２,追,3.92,85.67,8,2,4,16,26.67,33.33,46.67,0,1,7,2,5,0,川崎,05/29,,,,,伊東,05/23,予5,抜2,特5,,大垣,05/08,予4,準3,特6,,舟山君目標ですね,3,2
2025-05-29,34,8,5,5,柴田功一郎,13253,48,神奈,79,Ａ１,追,3.92,82.06,1,5,5,20,3.23,19.35,35.48,0,0,4,2,2,0,川崎,05/29,,,,,弥彦,05/20,予4,般5,般3,,熊本,05/02,予6,般5,般4,,千葉の後ろにいく,1,3
2025-05-29,34,8,6,6,舟山　佑京,15257,27,新潟,113,Ａ２,逃,3.92,80.19,0,4,3,20,0,14.81,25.93,3,0,1,0,2,12,川崎,05/29,,,,,玉野,05/18,予5,般2,特6,,大宮,04/26,予6,般4,般2,,自力勝負でいきます,3,1
2025-05-29,34,8,6,7,三浦　　靖,10900,60,岐阜,53,Ａ２,追,3.92,79.43,0,1,3,17,0,4.76,19.05,0,0,0,1,0,0,川崎,05/29,,,,,四日市,05/17,,,,,玉野,04/29,予7,般4,般6,,中川君に付けます,2,2
2025-05-29,34,9,1,1,佐山　寛明,15269,37,奈良,113,Ａ１,逃,3.92,93.74,9,6,3,9,33.33,55.56,66.67,2,8,3,2,2,6,川崎,05/29,,,,,玉野,05/23,初7,準6,特1,,高知,05/17,初4,準1,決2,,流れ見て自力でいく,2,1
2025-05-29,34,9,2,2,中村　隆生,15424,24,栃木,117,Ａ１,逃,3.92,92.42,6,5,5,8,25,45.83,66.67,5,4,1,1,5,11,川崎,05/29,,,,,四日市,05/17,初1,準1,決4,,奈良,04/28,初2,準3,決6,,いつも通り自力で,1,1
2025-05-29,34,9,3,3,古川　尚耶,14221,39,栃木,92,Ａ１,追,3.92,92.21,2,8,5,9,8.33,41.67,62.5,0,0,7,3,6,0,川崎,05/29,,,,,取手,05/04,初2,準3,決2,,高知,04/22,ア予１4,ア予２4,ア特般1,,栃木同士で中村君へ,1,2
2025-05-29,34,9,4,4,立花　昌也,15687,26,青森,123,Ａ１,逃,3.92,91.87,8,1,2,4,53.33,60,73.33,6,3,0,0,1,9,川崎,05/29,,,,,別府,05/09,初1,準1,決4,,大宮,04/26,初4,準1,決7,,自力で頑張ります,3,1
2025-05-29,34,9,5,5,須藤　　悟,14740,35,千葉,99,Ａ１,追,3.92,91.41,1,6,7,13,3.7,25.93,51.85,0,0,6,1,7,0,川崎,05/29,,,,,四日市,05/23,初2,準4,決5,,青森,05/07,初4,準5,特5,,位置決めずに流れで,4,1
2025-05-29,34,9,6,6,舛井　幹雄,12678,53,三重,71,Ａ１,追,3.92,90.22,3,6,7,8,12.5,37.5,66.67,0,0,5,4,2,0,川崎,05/29,,,,,松阪,05/20,初3,準6,特2,,立川,04/26,初3,準1,決5,,佐山君にマークする,2,2
2025-05-29,34,9,6,7,三澤　康人,14132,40,宮城,91,Ａ１,追,3.92,90.08,1,11,2,10,4.17,50,58.33,0,0,2,10,5,0,川崎,05/29,,,,,大垣,05/20,,,,,高松,05/05,初4,準2,決5,,立花君目標ですね,3,2
2025-05-29,21,1,1,1,河村　章憲,13580,48,京都,83,Ａ１,追,3.92,84.62,5,2,1,19,18.52,25.93,29.63,0,0,5,2,3,0,弥彦,05/27,予7,般6,,,別府,05/09,予5,般4,般7,,熊本,05/02,予1,準7,般2,,もったいなかった。丹波君へ,1,2
2025-05-29,21,1,2,2,大森　光明,15414,26,北海,117,Ａ２,両,3.92,82.95,3,4,3,12,13.64,31.82,45.45,2,5,0,0,1,8,弥彦,05/27,予7,般6,,,函館,05/19,般2,,,,四日市,05/11,予6,般2,特6,,車の出が悪かった。単騎でいく,2,1
2025-05-29,21,1,3,3,北川　大成,15567,24,熊本,119,Ａ２,逃,3.92,80.90,3,3,1,23,10,20,23.33,1,2,2,1,1,9,弥彦,05/27,予4,般4,,,大垣,05/20,予7,般5,般5,,別府,05/09,予2,準7,般4,,組み立てが課題。自力です,3,1
2025-05-29,21,1,4,4,林　　明宏,13296,48,高知,79,Ａ１,追,3.85,87.00,0,4,5,9,0,22.22,50,0,0,3,1,1,0,弥彦,05/27,予3,準7,,,別府,05/18,予3,準3,特6,,取手,05/04,,,,,絡まれてしまった。北川君の番手,3,2
2025-05-29,21,1,5,5,冨岡　健一,12112,55,岐阜,64,Ａ２,追,3.92,82.29,1,2,3,16,4.55,13.64,27.27,0,0,1,2,0,0,弥彦,05/27,予5,般5,,,別府,05/18,予7,般2,般5,,熊本,05/02,,,,,近畿勢の後ろで３番手,1,3
2025-05-29,21,1,6,6,水本　博行,13214,49,岡山,78,Ａ２,追,3.92,80.44,0,4,4,19,0,14.81,29.63,0,0,1,3,1,0,弥彦,05/27,予5,般3,,,岸和田,05/18,予5,般3,般3,,高松,05/05,予4,般5,般6,,中部近畿勢の後ろへ,1,4
2025-05-29,21,1,6,7,丹波　孝佑,14674,37,大阪,98,Ａ１,逃,3.92,84.07,7,1,2,18,25,28.57,35.71,7,1,0,0,3,14,弥彦,05/27,予4,準7,,,岸和田,05/18,予7,般1,特4,,高松,05/05,予6,般6,般4,,もう少し余裕あれば。自力勝負,1,1
2025-05-29,21,2,1,1,吉岡伸太郎,15011,32,愛媛,105,Ａ２,逃,3.86,83.46,2,3,5,14,8.33,20.83,41.67,3,1,1,0,0,6,弥彦,05/27,予7,般4,,,小松島,05/14,予4,抜5,般6,,取手,05/04,,,,,自力で。出し切れたが実力不足,1,1
2025-05-29,21,2,2,2,小室　貴広,12940,50,茨城,75,Ａ２,追,3.92,81.37,2,0,3,22,7.41,7.41,18.52,0,0,2,0,0,0,弥彦,05/27,予6,般7,,,大垣,05/14,予4,般6,般4,,静岡,04/25,予4,般3,般3,,凌げれば。宮下君にしっかりと,4,2
2025-05-29,21,2,3,3,石貞　有基,14840,39,兵庫,100,Ａ２,両,3.92,83.33,2,2,9,11,8.33,16.67,54.17,0,0,3,1,3,0,弥彦,05/27,予6,般7,,,岐阜,05/08,予6,般1,特7,,いわき平,04/28,予7,般3,般7,,ここは一人でやります,3,1
2025-05-29,21,2,4,4,宮下　一歩,15351,32,長野,115,Ａ１,逃,3.92,84.40,3,2,7,13,12,20,48,3,1,1,0,5,17,弥彦,05/27,予2,準7,,,玉野,05/18,予1,準7,般4,,武雄,05/05,予2,準6,特6,,走りと感覚が違った。自力勝負,4,1
2025-05-29,21,2,5,5,好永　　晃,14690,34,佐賀,98,Ａ１,追,3.92,87.79,2,6,7,18,6.06,24.24,45.45,0,0,3,5,9,0,弥彦,05/27,予6,般3,,,小松島,05/14,予1,準4,特2,,岸和田,05/04,予2,準5,特6,,噛み合っていない。吉岡君へ,1,2
2025-05-29,21,2,6,6,大沼　孝行,12883,50,静岡,74,Ａ２,逃,3.93,79.83,0,2,3,19,0,8.33,20.83,0,2,0,0,0,3,弥彦,05/27,予6,般5,,,四日市,05/17,予7,般3,般4,,松戸,04/22,予7,般5,般3,,体が反応しなかった。単騎で自力,5,1
2025-05-29,21,2,6,7,田中　秀治,13479,47,岐阜,82,Ａ１,追,3.93,83.83,3,4,6,18,9.68,22.58,41.94,0,0,5,2,2,0,弥彦,05/27,予5,般2,,,別府,05/18,予3,抜3,特3,,大垣,05/08,般1,,,,伸びたし悪くない。単騎で前前,2,1
2025-05-29,21,3,1,1,高橋　陽介,13985,43,青森,89,Ａ１,追,3.92,91.33,2,4,0,6,16.67,50,50,0,0,2,4,3,0,弥彦,05/27,初7,準4,,,玉野,05/18,初6,準5,特4,,立川,04/26,,,,,展開きつかったが多少踏めた。７,2,2
2025-05-29,21,3,2,2,櫻井　宏智,12760,55,広島,72,Ａ２,追,3.92,82.08,0,2,5,20,0,7.41,25.93,0,0,2,0,0,0,弥彦,05/27,予1,準5,,,小松島,05/14,予6,般4,般2,,青森,05/07,予5,般4,般4,,もちろん高井君の番手です,3,2
2025-05-29,21,3,3,3,中井　勇介,14820,43,大阪,100,Ａ２,逃,3.92,86.94,7,6,4,15,21.88,40.63,53.13,6,3,3,1,2,9,弥彦,05/27,予7,般1,,,高松,05/21,予1,準2,決5,,玉野,05/12,予1,準1,決2,,試行錯誤しながら頑張る。自力で,1,1
2025-05-29,21,3,4,4,高井　流星,15277,30,岡山,113,Ａ１,逃,3.92,90.43,5,6,2,11,20.83,45.83,54.17,7,3,1,0,5,12,弥彦,05/27,予2,準6,,,高知,05/17,初3,準4,特2,,西武園,05/05,予1,準6,特2,,仕掛けのタイミング失敗。自力,3,1
2025-05-29,21,3,5,5,真田　　晃,13799,46,兵庫,86,Ａ２,追,3.92,87.23,4,5,5,12,15.38,34.62,53.85,0,0,6,3,11,0,弥彦,05/27,予1,準3,,,高知,05/17,予4,般5,般2,,青森,05/07,予3,準1,決6,,初日同様に中井君マークで,1,2
2025-05-29,21,3,6,6,吉松　賢二,14064,39,群馬,90,Ａ２,両,3.85,80.03,3,1,5,24,9.09,12.12,27.27,2,1,1,0,1,6,弥彦,05/27,予2,準3,,,函館,05/19,予4,般1,特6,,岸和田,05/09,予6,般1,特5,,連日、夏目君のおかげです。７１,2,3
2025-05-29,21,3,6,7,夏目　新吾,14938,37,静岡,103,Ａ１,逃,3.92,82.85,4,6,3,13,15.38,38.46,50,8,1,1,0,1,17,弥彦,05/27,予3,準4,,,岐阜,05/14,予7,般3,般2,,京王閣,05/04,予5,抜4,般1,,力は出し切れた。自力勝負,2,1
2025-05-29,21,4,1,1,渡辺　航平,13275,47,東京,79,Ａ１,追,3.93,90.33,3,5,5,9,13.64,36.36,59.09,0,0,4,4,4,0,弥彦,05/27,予2,準4,,,四日市,05/11,初2,準3,決4,,京王閣,05/04,予2,準2,決5,,地元の小榑君を信頼して任せる,1,2
2025-05-29,21,4,2,2,増田　　仁,15281,40,広島,113,Ａ１,逃,3.92,83.60,5,2,2,16,20,28,36,3,2,1,1,3,12,弥彦,05/27,予3,準5,,,高松,05/21,般1,,,,玉野,05/18,予5,般1,特3,,自力で。やりたい走りはできた,3,1
2025-05-29,21,4,3,3,山口　慎吾,14277,41,北海,93,Ａ２,追,3.92,83.48,2,4,5,18,6.9,20.69,37.93,0,0,4,2,1,0,弥彦,05/27,予4,準6,,,函館,05/02,予3,準6,特5,,高知,04/22,ア予１6,ア予２6,ア特般7,,昨日は仕方ない。ここは一人で,2,1
2025-05-29,21,4,4,4,小榑　佑弥,15612,25,新潟,121,Ａ２,逃,3.92,91.33,7,4,2,5,38.89,61.11,72.22,3,3,4,1,5,3,弥彦,05/27,予5,般1,,,四日市,05/17,予1,準3,決1,,いわき平,04/28,予1,準5,特1,,初日よりはいい。自力でいく,1,1
2025-05-29,21,4,5,5,田中　弘章,12479,53,福岡,68,Ａ２,追,3.92,83.10,0,1,6,14,0,4.76,33.33,0,0,0,1,4,0,弥彦,05/27,予3,準5,,,小松島,05/14,予3,抜3,特7,,別府,04/25,予5,抜4,般6,,もう少し何かできていれば。２６,3,3
2025-05-29,21,4,6,6,高嶋　一朗,11935,57,岡山,62,Ａ２,追,3.86,79.39,0,2,4,22,0,7.14,21.43,0,0,1,1,0,0,弥彦,05/27,予4,般2,,,高知,05/17,予5,般6,般5,,岸和田,05/09,予5,般6,般5,,感じはいいと思う。増田君へ,3,2
2025-05-29,21,4,6,7,奥原　　亨,14933,36,神奈,103,Ａ２,追,3.92,86.58,2,4,5,13,8.33,25,45.83,0,0,4,2,5,0,弥彦,05/27,予1,準6,,,岐阜,05/08,予7,般5,般3,,奈良,04/28,予2,準5,特4,,昨日は仕方ない。関東勢の後ろ,1,3
2025-05-29,21,5,1,1,水谷　好宏,14309,42,大阪,93,Ｓ２,両,3.92,100.48,6,1,5,17,20.69,24.14,41.38,0,1,6,0,4,1,弥彦,05/27,予6,般3,,,大垣,05/20,予3,準1,決7,,岸和田,05/09,予6,般3,般4,,近畿で徳田君の番手で,1,2
2025-05-29,21,5,2,2,高塩　讓次,14059,41,栃木,90,Ｓ２,追,3.92,96.33,0,2,4,21,0,7.41,22.22,0,0,1,1,7,0,弥彦,05/27,予6,般3,,,宇都宮,05/15,一4,二9,抜6,抜6,大垣,05/08,予4,抜6,般2,,最後は意外と伸びた。埼玉勢へ,2,3
2025-05-29,21,5,3,3,西岡　正一,13642,48,和歌,84,Ｓ２,追,3.92,98.60,0,1,4,15,0,5,25,0,0,0,1,1,0,弥彦,05/27,予6,般7,,,宇都宮,05/15,一8,抜6,般4,般3,いわき平,04/28,予5,抜4,般3,,近畿の３番手を固める,1,3
2025-05-29,21,5,4,4,太田　龍希,15426,24,埼玉,117,Ｓ２,逃,3.92,99.35,2,3,3,15,8.7,21.74,34.78,1,3,1,0,0,8,弥彦,05/27,予7,般4,,,岸和田,05/09,予2,準3,特4,,豊橋,04/14,予3,抜4,般1,,気持ち切替えて。自力で頑張る,2,1
2025-05-29,21,5,5,5,徳田　　匠,15540,28,京都,119,Ｓ２,逃,3.92,99.28,7,1,6,15,24.14,27.59,48.28,6,2,0,0,10,17,弥彦,05/27,予3,抜5,,,岸和田,05/18,予7,般1,特4,,青森,05/07,予3,準7,般3,,踏み切れなかった。もちろん自力,1,1
2025-05-29,21,5,6,6,丸山　直樹,14292,39,埼玉,93,Ｓ２,追,3.92,95.59,1,2,5,24,3.13,9.38,25,0,0,2,1,10,0,弥彦,05/27,予5,般4,,,宇都宮,05/15,般5,般8,,,平塚,05/10,一8,抜3,抜7,抜2,もちろん同県の太田君,2,2
2025-05-29,21,6,1,1,山口　貴弘,14268,41,佐賀,92,Ｓ２,追,3.92,102.23,2,3,4,17,7.69,19.23,34.62,0,0,4,1,4,0,弥彦,05/27,予5,抜5,,,福井,05/14,予4,抜2,特7,,取手,04/22,予1,準6,特2,,連係実績がある森山君,1,2
2025-05-29,21,6,2,2,佐藤　朋也,13993,45,秋田,89,Ｓ２,両,3.92,94.45,0,1,5,14,0,5,30,0,0,0,1,1,1,弥彦,05/27,予7,般6,,,武雄,05/20,予4,特3,抜2,,青森,05/07,,,,,根本君にしっかりと,5,2
2025-05-29,21,6,3,3,岡　　光良,14371,43,埼玉,94,Ｓ２,追,3.92,96.56,1,3,6,22,3.13,12.5,31.25,0,1,1,2,4,0,弥彦,05/27,予5,般2,,,玉野,05/18,予5,般4,般3,,平塚,05/10,一8,抜5,般4,般3,決めずに。もう少し反応よければ,3,1
2025-05-29,21,6,4,4,森山　智徳,14692,41,熊本,98,Ｓ２,両,3.92,97.09,6,1,4,21,18.75,21.88,34.38,3,2,2,0,8,7,弥彦,05/27,予7,般5,,,川崎,05/15,予7,般6,般1,,武雄,05/05,予4,般6,般5,,集中して走った。自力勝負,1,1
2025-05-29,21,6,5,5,根本　哲吏,14571,39,秋田,97,Ｓ２,両,3.92,99.17,0,4,4,16,0,16.67,33.33,0,4,0,0,1,5,弥彦,05/27,予3,抜4,,,福井,05/14,,,,,高松,05/05,予7,般3,般2,,初手の位置を失敗。自力でいく,5,1
2025-05-29,21,6,6,6,稲村　好将,13400,49,群馬,81,Ｓ２,追,3.92,93.43,0,2,2,24,0,7.14,14.29,0,0,0,2,0,0,弥彦,05/27,,,,,武雄,05/20,予7,抜2,抜3,,平塚,05/10,般8,,,,補充コメントなし,4,1
2025-05-29,21,6,6,7,黒田　　淳,14613,40,岡山,97,Ｓ２,追,3.92,99.67,1,5,9,19,2.94,17.65,44.12,0,0,5,1,4,0,弥彦,05/27,予3,抜6,,,宇都宮,05/15,一8,抜1,,,武雄,05/05,予4,準6,特5,,考えたが、単騎でやる,2,1
2025-05-29,21,7,1,1,飯田　辰哉,12728,52,千葉,72,Ｓ２,追,3.92,97.00,2,3,5,24,5.88,14.71,29.41,0,0,2,3,1,0,弥彦,05/27,予5,抜4,,,玉野,05/18,予4,準6,特5,,岸和田,05/09,予7,般2,般5,,治田知君が強かった。北日本勢へ,1,4
2025-05-29,21,7,2,2,竹山　陵太,14130,40,宮城,91,Ｓ２,追,3.92,102.68,10,3,3,15,32.26,41.94,51.61,0,4,7,2,13,0,弥彦,05/27,予4,抜3,,,宇都宮,05/15,一4,二8,抜2,特5,大垣,05/08,予3,準3,特1,,初日同様に佐々木君へ,1,2
2025-05-29,21,7,3,3,北川大五郎,14947,34,大阪,103,Ｓ２,両,3.92,93.33,0,0,1,18,0,0,5.26,0,0,0,0,2,2,弥彦,05/27,予7,般7,,,高松,05/05,予6,般5,般5,,函館,04/16,予6,般7,般6,,ここも川村さんの前で自力勝負,3,1
2025-05-29,21,7,4,4,三浦　雄大,14646,38,宮城,98,Ｓ２,追,3.92,92.72,0,0,4,25,0,0,13.79,0,0,0,0,3,0,弥彦,05/27,,,,,高松,05/21,予5,般5,般6,,川崎,05/15,予6,般3,般6,,補充コメントなし,1,3
2025-05-29,21,7,5,5,佐々木堅次,15239,30,福島,113,Ｓ２,逃,3.92,98.74,6,4,0,24,17.65,29.41,29.41,4,4,2,0,5,8,弥彦,05/27,予7,般2,,,大垣,05/20,予6,般1,特4,,岸和田,05/09,予4,準2,決5,,最後は踏み直された。自力自在に,1,1
2025-05-29,21,7,6,6,大木　雅也,13568,49,静岡,83,Ｓ２,追,3.92,92.70,0,0,5,25,0,0,16.67,0,0,0,0,0,0,弥彦,05/27,予6,般5,,,大垣,05/20,予3,抜5,般4,,平塚,05/10,一9,抜3,抜4,抜9,飯田さんと別で単騎でいく,2,1
2025-05-29,21,7,6,7,川村　晃司,13726,48,京都,85,Ｓ２,両,3.92,97.53,8,0,3,21,25,25,34.38,0,4,4,0,3,1,弥彦,05/27,予6,般6,,,武雄,05/20,予5,特6,抜4,,平塚,05/10,一9,抜8,般1,抜8,脚がないです。再度、北川君へ,3,2
2025-05-29,21,8,1,1,竹内　雄作,14752,37,岐阜,99,Ｓ２,逃,3.92,98.53,4,6,4,18,12.5,31.25,43.75,7,2,0,1,9,18,弥彦,05/27,予7,般1,,,岸和田,05/18,予2,準7,般2,,玉野,05/12,予1,準7,特7,,もう少しうまく走れたら。自力で,1,1
2025-05-29,21,8,2,2,渡邉　雄太,14995,30,静岡,105,Ｓ２,両,3.93,101.57,3,4,3,12,13.64,31.82,45.45,2,3,2,0,4,4,弥彦,05/27,予4,抜1,,,武雄,05/20,予2,準6,特7,,岸和田,05/09,予6,般1,特4,,粘れたし悪くはない。自力です,2,1
2025-05-29,21,8,3,3,橋本　壮史,15517,30,茨城,119,Ｓ１,逃,3.93,105.95,3,6,2,12,13.04,39.13,47.83,5,3,0,1,4,14,弥彦,05/27,初6,準7,,,武雄,05/20,,,,,静岡,04/25,初7,準4,,,フレーム戻す。話して朝倉君へ,3,2
2025-05-29,21,8,4,4,朝倉　智仁,15334,25,茨城,115,Ｓ２,逃,3.92,100.09,6,3,5,18,18.75,28.13,43.75,2,6,1,0,4,13,弥彦,05/27,予2,準3,,,弥彦,05/20,予1,準3,特7,,玉野,05/12,予5,抜4,般6,,さばけず技量不足。先頭で自力,3,1
2025-05-29,21,8,5,5,菊地　圭尚,13978,45,北海,89,Ｓ２,追,3.92,101.45,3,6,4,16,10.34,31.03,44.83,0,0,5,4,2,0,弥彦,05/27,予1,準5,,,函館,05/02,予1,準3,特3,,福井,04/24,予4,抜2,特3,,不完全燃焼です。渡辺君につける,2,2
2025-05-29,21,8,6,6,篠原　　忍,14145,42,愛知,91,Ｓ２,両,3.92,95.97,3,4,2,23,9.38,21.88,28.13,0,0,5,2,3,0,弥彦,05/27,予3,抜2,,,武雄,05/20,予5,抜6,抜5,,福井,05/14,予5,抜6,般4,,展開に恵まれた。ラインの竹内君,1,2
2025-05-29,21,8,6,7,山下　　渡,14138,41,茨城,91,Ｓ２,追,3.92,103.07,7,2,6,15,23.33,30,50,0,1,8,0,4,0,弥彦,05/27,予2,準4,,,大垣,05/20,予5,抜4,般1,,川崎,04/19,一1,二2,準5,秀6,伸びているし感覚はいい。４３へ,3,3
2025-05-29,21,9,1,1,治田　知也,15614,26,新潟,121,Ｓ２,逃,3.93,98.00,6,1,0,7,42.86,50,50,4,3,0,0,4,9,弥彦,05/27,予4,抜1,,,平塚,05/10,一8,抜2,抜5,抜7,福井,05/02,予6,般1,特1,,最後まで余裕あった。前で自力,1,1
2025-05-29,21,9,2,2,田中　勇二,14485,37,岡山,95,Ｓ２,追,3.92,103.81,10,5,3,14,31.25,46.88,56.25,0,1,12,2,3,0,弥彦,05/27,予1,準5,,,高松,05/21,予3,準6,特5,,福井,05/14,予1,準3,特2,,四国勢の後ろで,3,3
2025-05-29,21,9,3,3,西田　大志,14688,34,福岡,98,Ｓ２,追,3.92,96.35,1,4,7,19,3.23,16.13,38.71,0,0,3,2,2,0,弥彦,05/27,予3,抜3,,,岸和田,05/18,予6,般3,般3,,武雄,05/05,予6,般5,般2,,見過ぎてしまう。ここも単騎で,2,1
2025-05-29,21,9,4,4,高原　仁志,13741,44,徳島,85,Ｓ２,追,3.92,101.22,2,3,5,18,7.14,17.86,35.71,0,0,2,3,0,0,弥彦,05/27,予6,般1,,,岸和田,05/18,予1,準4,特4,,大垣,05/08,予2,準4,特3,,展開が向きました。和泉君へ,3,2
2025-05-29,21,9,5,5,鈴木　庸之,14235,39,新潟,92,Ｓ１,両,3.933.92,91.46,0,0,2,33,0,0,5.71,0,0,0,0,0,0,弥彦,05/27,初7,準7,,,玉野,05/18,予7,般3,般3,,大垣,05/08,予6,般7,般5,,力が入らない。関東３番手でいい,1,3
2025-05-29,21,9,6,6,和泉　尚吾,15468,28,愛媛,117,Ｓ２,逃,3.92,95.72,3,3,6,17,10.34,20.69,41.38,1,2,1,2,4,12,弥彦,05/27,予2,準5,,,宇都宮,05/15,一9,抜2,抜8,般4,西武園,05/05,予4,般4,般1,,やれることをやる。自力です,3,1
2025-05-29,21,9,6,7,篠田　幸希,15695,26,群馬,123,Ｓ２,逃,3.92,107.38,4,2,1,7,28.57,42.86,50,4,2,0,0,0,6,弥彦,05/27,予3,準6,,,武雄,05/20,予1,準4,特5,,福井,04/24,,,,,地元と話し合って、治田君の番手,1,2
2025-05-29,21,10,1,1,佐方　良行,14631,44,熊本,97,Ｓ２,追,3.92,100.79,6,0,3,16,24,24,36,0,1,5,0,3,1,弥彦,05/27,予5,抜1,,,宇都宮,05/15,,,,,静岡,04/25,予3,抜4,,,背中の痛みケアして。市橋君へ,1,2
2025-05-29,21,10,2,2,磯田　　旭,14506,35,栃木,96,Ｓ２,追,3.92,103.32,3,3,4,12,13.64,27.27,45.45,0,0,4,2,1,0,弥彦,05/27,予1,準6,,,玉野,05/18,予3,準4,特7,,宇都宮,04/22,,,,,武田君の番手で頑張る,3,2
2025-05-29,21,10,3,3,筒井　敦史,13737,48,岡山,85,Ｓ２,追,3.92,104.13,1,5,6,11,4.35,26.09,52.17,0,0,3,3,0,0,弥彦,05/27,予1,準4,,,平塚,05/10,一4,二7,特2,秀2,熊本,04/21,準4,特4,,,踏むコース失敗。九州勢の後ろへ,1,3
2025-05-29,21,10,4,4,市橋司優人,14955,32,福岡,103,Ｓ２,両,3.85,108.89,8,9,2,9,28.57,60.71,67.86,0,9,6,2,1,1,弥彦,05/27,初5,準4,,,川崎,05/15,予1,準3,,,武雄,05/05,初2,準1,決6,,脚がたまらず。前で何かする,1,1
2025-05-29,21,10,5,5,西田　雅志,13498,47,広島,82,Ｓ２,追,3.92,99.56,3,5,1,23,9.38,25,28.13,0,1,3,4,5,0,弥彦,05/27,予2,準6,,,川崎,05/15,予2,準7,特7,,青森,05/07,予7,般1,特6,,筒井さんと別で単騎でやる,2,1
2025-05-29,21,10,6,6,城　　幸弘,14515,39,山梨,96,Ｓ２,両,3.92,96.84,1,3,5,22,3.23,12.9,29.03,0,0,1,3,6,0,弥彦,05/27,予1,準3,,,宇都宮,05/15,一7,抜8,,,大垣,05/08,予6,般1,特6,,フレーム戻し感じはいい。７２へ,3,3
2025-05-29,21,10,6,7,武田　　亮,15347,26,東京,115,Ｓ２,逃,3.92,100.00,3,4,3,21,9.68,22.58,32.26,0,4,2,1,2,14,弥彦,05/27,予3,,,,宇都宮,05/15,一6,抜6,般1,抜8,青森,05/07,予2,準3,特6,,ケガは軽傷です。ここは自力で,3,1
2025-05-29,21,11,1,1,柿本　大貴,15251,29,東京,113,Ａ１,逃,3.92,92.38,3,9,2,7,14.29,57.14,66.67,5,4,2,1,8,8,弥彦,05/27,初6,準1,,,青森,05/07,初3,準7,般1,,川崎,04/28,初7,準2,決2,,調子は悪くない。自力,1,1
2025-05-29,21,11,2,2,大西　　祐,14187,38,愛媛,91,Ａ１,両,3.92,92.14,8,4,2,7,38.1,57.14,66.67,0,9,3,0,3,1,弥彦,05/27,初1,準1,,,小松島,05/14,初5,準2,決7,,玉野,04/18,初1,準3,決2,,弥彦は得意バンク。自力勝負,4,1
2025-05-29,21,11,3,3,宮越　孝治,13483,46,富山,82,Ａ１,追,3.92,90.90,4,3,5,17,13.79,24.14,41.38,0,0,6,1,11,0,弥彦,05/27,初5,準2,,,福井,05/14,初4,準4,特1,,京王閣,05/04,初1,準3,決6,,一人で何でもやる,2,1
2025-05-29,21,11,4,4,森安　崇之,13653,47,香川,84,Ａ１,追,3.92,91.75,6,4,2,8,30,50,60,0,1,5,4,2,0,弥彦,05/27,初4,準1,,,大垣,05/20,初4,準1,決2,,熊本,05/13,予1,準1,決1,,調子は変わらずいい。大西君へ,4,2
2025-05-29,21,11,5,5,小橋　明紀,12785,51,青森,73,Ａ１,追,3.92,91.77,9,6,3,12,30,50,60,0,0,11,4,3,0,弥彦,05/27,初3,準2,,,伊東,05/17,初2,準4,特1,,函館,05/02,初3,準4,特2,,関東コンビの後ろ,1,3
2025-05-29,21,11,6,6,坂本　晃輝,13447,46,佐賀,81,Ａ１,追,3.92,88.45,4,4,6,15,13.79,27.59,48.28,0,1,6,1,1,0,弥彦,05/27,予1,準3,,,小松島,05/14,予3,準5,特3,,西武園,05/05,予4,準5,特6,,位置は決めずに,3,1
2025-05-29,21,11,6,7,江連　和洋,13014,53,栃木,76,Ａ１,追,3.85,91.92,5,4,5,12,19.23,34.62,53.85,0,0,6,3,1,0,弥彦,05/27,初2,準2,,,函館,05/14,初4,準2,決5,,川崎,04/28,初6,準1,決1,,悪くない。初日同様に柿本君,1,2
2025-05-29,21,12,1,1,晝田宗一郎,15373,26,岡山,115,Ｓ１,逃,3.92,104.13,3,4,4,13,12.5,29.17,45.83,1,5,1,0,2,5,弥彦,05/27,初3,準2,,,武雄,05/20,予6,,,,名古屋,04/29,一1,二9,特8,特9,体のケアをして臨む。単騎で自力,2,1
2025-05-29,21,12,2,2,嶋田　誠也,15128,32,福岡,109,Ｓ１,追,3.79,109.00,0,5,1,4,0,50,60,0,0,1,4,2,0,弥彦,05/27,初4,準2,,,岸和田,05/18,初4,準2,決2,,玉野,04/29,,,,,よければ上田君へ,1,2
2025-05-29,21,12,3,3,松岡　健介,13878,47,兵庫,87,Ｓ２,両,3.92,98.81,4,3,4,16,14.81,25.93,40.74,0,2,4,1,2,1,弥彦,05/27,予1,準1,,,青森,05/07,予5,般7,,,静岡,04/25,予3,抜6,般7,,練習の成果で状態上向き。中西君,3,2
2025-05-29,21,12,4,4,福田　知也,13945,42,神奈,88,Ｓ１,追,3.92,103.63,6,2,7,15,20,26.67,50,0,1,7,0,7,1,弥彦,05/27,初2,準3,,,岐阜,05/14,予1,準3,特6,,名古屋,04/29,一7,般3,般8,般3,初日世話になった中西君ラインへ,3,3
2025-05-29,21,12,5,5,上田　尭弥,15296,27,熊本,113,Ｓ２,逃,3.92,104.16,5,7,4,9,20,48,64,7,5,0,0,1,11,弥彦,05/27,予2,準1,,,大垣,05/20,予2,準6,,,福井,05/02,予2,準3,特2,,１着はいい薬になる。自力,1,1
2025-05-29,21,12,6,6,松尾信太郎,14264,42,福岡,92,Ｓ２,追,3.92,97.80,7,4,4,21,19.44,30.56,41.67,0,0,9,2,2,0,弥彦,05/27,予2,準1,,,平塚,05/10,一7,抜6,般1,抜5,函館,05/02,予5,般4,般7,,ギア上げて感触いい。九州３番手,1,3
2025-05-29,21,12,6,7,中西　　大,15058,34,和歌,107,Ｓ１,逃,3.93,101.56,4,4,5,19,12.5,25,40.63,6,2,0,0,5,17,弥彦,05/27,初1,準2,,,武雄,05/20,予4,特5,抜3,,岸和田,05/09,初4,準4,特3,,展開が向いた。いつも通り自力,3,1
