date,venue_id,venue_name,race_no,predicted_rank,car_no,name_kanji,predicted_score,grade
2025-10-04,11,函館,1,1,1,中野　　良,1.09,Ａ３
2025-10-04,11,函館,1,2,7,門馬　琢麿,1.16,Ａ３
2025-10-04,11,函館,1,3,4,元砂　海人,1.34,Ａ３
2025-10-04,11,函館,1,4,5,天沼　雅貴,1.46,Ａ３
2025-10-04,11,函館,1,5,2,北村　　篤,1.62,Ａ３
2025-10-04,11,函館,1,6,3,齋藤　昌太,1.71,Ａ３
2025-10-04,11,函館,1,7,6,花田　雄飛,1.82,Ａ３
2025-10-04,11,函館,2,1,5,小田桐義継,1.03,Ａ３
2025-10-04,11,函館,2,2,2,高橋　海月,1.14,Ａ３
2025-10-04,11,函館,2,3,4,岡嵜　浩一,1.26,Ａ３
2025-10-04,11,函館,2,4,1,植田　　誠,1.26,Ａ３
2025-10-04,11,函館,2,5,3,樋口　奨平,1.35,Ａ３
2025-10-04,11,函館,2,6,7,嶋貫　高大,1.53,Ａ３
2025-10-04,11,函館,2,7,6,米倉　剛志,1.99,Ａ３
2025-10-04,11,函館,3,1,4,坂田　　学,1.11,Ａ３
2025-10-04,11,函館,3,2,7,布居　　翼,1.24,Ａ３
2025-10-04,11,函館,3,3,5,堀　　勝政,1.25,Ａ３
2025-10-04,11,函館,3,4,3,石井　　孝,1.39,Ａ３
2025-10-04,11,函館,3,5,2,駒井　大輔,1.50,Ａ３
2025-10-04,11,函館,3,6,1,梶原　秀庸,1.59,Ａ３
2025-10-04,11,函館,3,7,6,青木　亮太,2.37,Ａ３
2025-10-04,11,函館,4,1,2,三神　遼矢,1.04,Ａ３
2025-10-04,11,函館,4,2,1,川村　昭弘,1.28,Ａ３
2025-10-04,11,函館,4,3,4,前島　恭平,1.35,Ａ３
2025-10-04,11,函館,4,4,3,丸山　勝也,1.36,Ａ３
2025-10-04,11,函館,4,5,7,工藤　考生,1.44,Ａ３
2025-10-04,11,函館,4,6,5,塚本　　諭,1.44,Ａ３
2025-10-04,11,函館,4,7,6,森田　達也,1.51,Ａ３
2025-10-04,11,函館,5,1,4,村田　奈穂,1.04,Ｌ１
2025-10-04,11,函館,5,2,1,小林　優香,1.25,Ｌ１
2025-10-04,11,函館,5,3,6,吉岡　詩織,1.35,Ｌ１
2025-10-04,11,函館,5,4,2,半田　水晶,1.37,Ｌ１
2025-10-04,11,函館,5,5,5,野寺　　梓,2.01,Ｌ１
2025-10-04,11,函館,5,6,3,川田　ひな,2.32,Ｌ１
2025-10-04,11,函館,5,7,7,中村　美那,2.78,Ｌ１
2025-10-04,11,函館,6,1,3,神戸暖稀羽,1.13,Ｌ１
2025-10-04,11,函館,6,2,5,千葉　捺美,1.24,Ｌ１
2025-10-04,11,函館,6,3,7,奥井　　迪,1.47,Ｌ１
2025-10-04,11,函館,6,4,6,山口　優依,1.63,Ｌ１
2025-10-04,11,函館,6,5,1,高本　美穂,2.03,Ｌ１
2025-10-04,11,函館,6,6,2,田中　千尋,2.04,Ｌ１
2025-10-04,11,函館,6,7,4,片岡　美奈,2.08,Ｌ１
2025-10-04,11,函館,7,1,2,山口　貴弘,1.34,Ａ２
2025-10-04,11,函館,7,2,7,小林　卓人,1.45,Ａ１
2025-10-04,11,函館,7,3,1,竹内　優也,1.45,Ａ２
2025-10-04,11,函館,7,4,3,志田愛希飛,1.46,Ａ２
2025-10-04,11,函館,7,5,5,舟山　佑京,1.49,Ａ２
2025-10-04,11,函館,7,6,4,大崎　和也,1.50,Ａ１
2025-10-04,11,函館,7,7,6,鈴木　宏章,2.63,Ａ２
2025-10-04,11,函館,8,1,1,寺沼　伊織,1.62,Ａ１
2025-10-04,11,函館,8,2,3,高橋　大輝,1.85,Ａ２
2025-10-04,11,函館,8,3,5,小笹　隼人,1.93,Ａ１
2025-10-04,11,函館,8,4,2,西岡　利起,1.99,Ａ２
2025-10-04,11,函館,8,5,7,鈴木　裕斗,2.04,Ａ２
2025-10-04,11,函館,8,6,4,佐々木孝司,2.33,Ａ２
2025-10-04,11,函館,8,7,6,北村　貴幸,6.17,Ａ２
2025-10-04,11,函館,9,1,1,中村　龍吉,1.53,Ａ２
2025-10-04,11,函館,9,2,2,成清謙二郎,1.78,Ａ１
2025-10-04,11,函館,9,3,5,小谷田公則,1.78,Ａ２
2025-10-04,11,函館,9,4,4,石井　　毅,2.03,Ａ２
2025-10-04,11,函館,9,5,3,外崎　一成,2.16,Ａ１
2025-10-04,11,函館,9,6,7,小川　達也,2.65,Ａ２
2025-10-04,11,函館,9,7,6,黒川　　渉,3.49,Ａ２
2025-10-04,11,函館,10,1,7,山田　祥明,1.67,Ａ１
2025-10-04,11,函館,10,2,1,江本　博明,1.87,Ａ１
2025-10-04,11,函館,10,3,4,川上　隆義,1.92,Ａ２
2025-10-04,11,函館,10,4,2,坂元　洋行,2.00,Ａ２
2025-10-04,11,函館,10,5,3,梅山　英樹,2.06,Ａ１
2025-10-04,11,函館,10,6,5,大谷　靖茂,2.22,Ａ１
2025-10-04,11,函館,10,7,6,安藤　宜明,3.52,Ａ２
2025-10-04,11,函館,11,1,1,山内　卓也,1.71,Ａ１
2025-10-04,11,函館,11,2,7,丸山　直樹,1.79,Ａ１
2025-10-04,11,函館,11,3,5,谷津田将吾,1.89,Ａ１
2025-10-04,11,函館,11,4,2,小池　千啓,2.10,Ａ１
2025-10-04,11,函館,11,5,3,小笠原　光,2.11,Ａ１
2025-10-04,11,函館,11,6,4,張野　幸聖,2.14,Ａ１
2025-10-04,11,函館,11,7,6,梅田加津也,2.51,Ａ１
2025-10-04,12,青森,1,1,4,高橋　由記,-0.23,Ａ３
2025-10-04,12,青森,1,2,5,富澤　洋祐,-0.21,Ａ３
2025-10-04,12,青森,1,3,3,竹田　慎一,-0.21,Ａ３
2025-10-04,12,青森,1,4,2,長崎　達也,-0.20,Ａ３
2025-10-04,12,青森,1,5,1,山本　　淳,-0.17,Ａ３
2025-10-04,12,青森,1,6,6,長谷　俊昭,0.41,Ａ３
2025-10-04,12,青森,2,1,3,野崎　修一,-0.27,Ａ３
2025-10-04,12,青森,2,2,4,片山　大輔,-0.22,Ａ３
2025-10-04,12,青森,2,3,1,上野　幸星,-0.20,Ａ３
2025-10-04,12,青森,2,4,2,横瀬　　聡,-0.18,Ａ３
2025-10-04,12,青森,2,5,5,神田　宏行,-0.17,Ａ３
2025-10-04,12,青森,2,6,6,和泉田喜一,0.55,Ａ３
2025-10-04,12,青森,3,1,4,山田　圭二,-0.17,Ａ３
2025-10-04,12,青森,3,2,5,吉田　　悟,-0.16,Ａ３
2025-10-04,12,青森,3,3,2,松尾　正人,-0.10,Ａ３
2025-10-04,12,青森,3,4,1,湯浅　弘光,-0.04,Ａ３
2025-10-04,12,青森,3,5,3,木下　　章,-0.00,Ａ３
2025-10-04,12,青森,3,6,7,廣川　貞治,0.27,Ａ３
2025-10-04,12,青森,3,7,6,對馬　太陽,0.68,Ａ３
2025-10-04,12,青森,4,1,4,藤田　晃英,-0.15,Ａ３
2025-10-04,12,青森,4,2,3,真崎　章徳,-0.12,Ａ３
2025-10-04,12,青森,4,3,1,村上　貴彦,-0.10,Ａ３
2025-10-04,12,青森,4,4,5,相良　勝美,0.05,Ａ３
2025-10-04,12,青森,4,5,2,佐藤　純嘉,0.08,Ａ３
2025-10-04,12,青森,4,6,7,柳澤　達也,0.39,Ａ３
2025-10-04,12,青森,4,7,6,中山敬太郎,0.70,Ａ３
2025-10-04,12,青森,5,1,4,亀井　宏佳,-0.20,Ａ３
2025-10-04,12,青森,5,2,1,利川　寛太,-0.16,Ａ３
2025-10-04,12,青森,5,3,3,大澤　裕之,-0.16,Ａ３
2025-10-04,12,青森,5,4,5,加賀美智史,-0.15,Ａ３
2025-10-04,12,青森,5,5,2,中里福太郎,-0.14,Ａ３
2025-10-04,12,青森,5,6,7,佐川　拓也,0.18,Ａ３
2025-10-04,12,青森,5,7,6,富永　昌久,0.55,Ａ３
2025-10-04,12,青森,6,1,4,秋永　昂人,-0.24,Ａ３
2025-10-04,12,青森,6,2,2,吉田　彰久,-0.11,Ａ３
2025-10-04,12,青森,6,3,3,野見　泰要,-0.07,Ａ３
2025-10-04,12,青森,6,4,1,長谷川裕一,0.00,Ａ３
2025-10-04,12,青森,6,5,5,三澤　勝成,0.00,Ａ３
2025-10-04,12,青森,6,6,7,南　　和夫,0.25,Ａ３
2025-10-04,12,青森,6,7,6,永橋　武司,0.58,Ａ３
2025-10-04,12,青森,7,1,4,坂本　佳憲,-0.12,Ａ３
2025-10-04,12,青森,7,2,1,畑崎　大輝,-0.06,Ａ３
2025-10-04,12,青森,7,3,2,井坂　泰誓,-0.04,Ａ３
2025-10-04,12,青森,7,4,5,藤原　義晴,0.01,Ａ３
2025-10-04,12,青森,7,5,3,前川　裕希,0.06,Ａ３
2025-10-04,12,青森,7,6,7,明星　晴道,0.56,Ａ３
2025-10-04,12,青森,7,7,6,小林　高志,0.72,Ａ３
2025-10-04,27,京王閣,1,1,1,山田　幸司,2.11,Ｓ２
2025-10-04,27,京王閣,1,2,3,月森　亮輔,2.48,Ｓ２
2025-10-04,27,京王閣,1,3,2,片折　亮太,2.50,Ｓ２
2025-10-04,27,京王閣,1,4,7,渡口　勝成,2.76,Ｓ２
2025-10-04,27,京王閣,1,5,5,松尾　　透,2.83,Ｓ２
2025-10-04,27,京王閣,1,6,4,上原　　龍,3.01,Ｓ２
2025-10-04,27,京王閣,1,7,6,飯田　憲司,3.70,Ｓ２
2025-10-04,27,京王閣,1,8,8,金澤　竜二,4.15,Ｓ２
2025-10-04,27,京王閣,2,1,5,高間　悠平,2.24,Ｓ２
2025-10-04,27,京王閣,2,2,2,川口　直人,2.62,Ｓ２
2025-10-04,27,京王閣,2,3,7,中村弘之輔,2.65,Ｓ２
2025-10-04,27,京王閣,2,4,3,棚瀬　義大,2.68,Ｓ２
2025-10-04,27,京王閣,2,5,4,小林　則之,2.69,Ｓ２
2025-10-04,27,京王閣,2,6,1,荒川　達郎,2.87,Ｓ２
2025-10-04,27,京王閣,2,7,8,菅谷　隆司,3.62,Ｓ２
2025-10-04,27,京王閣,2,8,6,松岡　孝高,3.94,Ｓ２
2025-10-04,27,京王閣,3,1,5,上吹越直樹,2.10,Ｓ２
2025-10-04,27,京王閣,3,2,7,庄子　信弘,2.19,Ｓ２
2025-10-04,27,京王閣,3,3,3,伊藤　稔真,2.34,Ｓ２
2025-10-04,27,京王閣,3,4,1,佐藤　壮志,2.49,Ｓ２
2025-10-04,27,京王閣,3,5,4,原　　真司,2.58,Ｓ２
2025-10-04,27,京王閣,3,6,2,橋本　智昭,2.71,Ｓ２
2025-10-04,27,京王閣,3,7,6,本多　哲也,4.05,Ｓ２
2025-10-04,27,京王閣,3,8,8,小原　周祐,4.10,Ｓ２
2025-10-04,27,京王閣,4,1,3,飯嶋　則之,2.17,Ｓ２
2025-10-04,27,京王閣,4,2,7,戸田　洋平,2.52,Ｓ２
2025-10-04,27,京王閣,4,3,5,高田　修汰,2.53,Ｓ２
2025-10-04,27,京王閣,4,4,4,幸田　望夢,2.60,Ｓ２
2025-10-04,27,京王閣,4,5,2,日高　裕太,2.61,Ｓ２
2025-10-04,27,京王閣,4,6,1,三谷　政史,2.71,Ｓ２
2025-10-04,27,京王閣,4,7,9,福永　大智,2.86,Ｓ１
2025-10-04,27,京王閣,4,8,8,野口　裕史,3.81,Ｓ２
2025-10-04,27,京王閣,4,9,6,小沼　　良,3.81,Ｓ２
2025-10-04,27,京王閣,5,1,2,坂口　晃輔,1.62,Ｓ１
2025-10-04,27,京王閣,5,2,5,木村　隆弘,1.67,Ｓ１
2025-10-04,27,京王閣,5,3,4,鈴木　　薫,1.73,Ｓ１
2025-10-04,27,京王閣,5,4,3,松永　　将,2.15,Ｓ２
2025-10-04,27,京王閣,5,5,1,原田研太朗,2.20,Ｓ１
2025-10-04,27,京王閣,5,6,7,高橋　和也,2.20,Ｓ２
2025-10-04,27,京王閣,5,7,9,黒田　　淳,2.97,Ｓ２
2025-10-04,27,京王閣,5,8,6,比佐　宝太,3.21,Ｓ２
2025-10-04,27,京王閣,5,9,8,山口　貴嗣,3.95,Ｓ２
2025-10-04,27,京王閣,6,1,1,河合　佑弥,1.80,Ｓ２
2025-10-04,27,京王閣,6,2,7,山本　　奨,1.97,Ｓ２
2025-10-04,27,京王閣,6,3,9,阪本　和也,2.09,Ｓ１
2025-10-04,27,京王閣,6,4,5,山口　多聞,2.19,Ｓ２
2025-10-04,27,京王閣,6,5,2,平尾　一晃,2.20,Ｓ２
2025-10-04,27,京王閣,6,6,3,小川三士郎,2.23,Ｓ２
2025-10-04,27,京王閣,6,7,4,阿久津　修,2.38,Ｓ２
2025-10-04,27,京王閣,6,8,6,藤原　　誠,3.95,Ｓ２
2025-10-04,27,京王閣,6,9,8,林　　敬宏,4.15,Ｓ２
2025-10-04,27,京王閣,7,1,2,松坂　洋平,1.39,Ｓ１
2025-10-04,27,京王閣,7,2,3,山本　伸一,1.55,Ｓ１
2025-10-04,27,京王閣,7,3,5,木暮　安由,1.67,Ｓ１
2025-10-04,27,京王閣,7,4,7,川口　聖二,1.75,Ｓ１
2025-10-04,27,京王閣,7,5,9,佐藤　和也,2.10,Ｓ１
2025-10-04,27,京王閣,7,6,4,菅原　裕太,2.11,Ｓ２
2025-10-04,27,京王閣,7,7,1,大川　　剛,2.35,Ｓ２
2025-10-04,27,京王閣,7,8,6,山中　貴雄,2.81,Ｓ２
2025-10-04,27,京王閣,7,9,8,長井　妙樹,3.97,Ｓ２
2025-10-04,27,京王閣,8,1,5,恩田　淳平,2.02,Ｓ１
2025-10-04,27,京王閣,8,2,2,藤井　昭吾,2.37,Ｓ２
2025-10-04,27,京王閣,8,3,3,伊藤　　旭,2.43,Ｓ１
2025-10-04,27,京王閣,8,4,4,荻原　尚人,2.48,Ｓ２
2025-10-04,27,京王閣,8,5,1,朝倉　佳弘,2.55,Ｓ２
2025-10-04,27,京王閣,8,6,7,箱田　優樹,2.56,Ｓ２
2025-10-04,27,京王閣,8,7,9,栗山　俊介,2.74,Ｓ２
2025-10-04,27,京王閣,8,8,6,松尾　勇吾,3.35,Ｓ２
2025-10-04,27,京王閣,8,9,8,福田　稔希,4.44,Ｓ２
2025-10-04,27,京王閣,9,1,1,清水　裕友,1.93,ＳＳ
2025-10-04,27,京王閣,9,2,3,園田　　匠,1.94,Ｓ１
2025-10-04,27,京王閣,9,3,2,志村　太賀,2.20,Ｓ２
2025-10-04,27,京王閣,9,4,5,川口　雄太,2.22,Ｓ２
2025-10-04,27,京王閣,9,5,7,筒井　敦史,2.36,Ｓ２
2025-10-04,27,京王閣,9,6,9,椎木尾拓哉,2.40,Ｓ１
2025-10-04,27,京王閣,9,7,4,石塚輪太郎,2.63,Ｓ１
2025-10-04,27,京王閣,9,8,6,土屋　壮登,2.81,Ｓ２
2025-10-04,27,京王閣,9,9,8,岩谷　拓磨,3.58,Ｓ１
2025-10-04,27,京王閣,10,1,1,和田健太郎,1.86,Ｓ１
2025-10-04,27,京王閣,10,2,2,小倉　竜二,2.03,Ｓ１
2025-10-04,27,京王閣,10,3,7,岩本　俊介,2.11,ＳＳ
2025-10-04,27,京王閣,10,4,3,中村　圭志,2.12,Ｓ２
2025-10-04,27,京王閣,10,5,5,新田　祐大,2.25,Ｓ２
2025-10-04,27,京王閣,10,6,4,神田　紘輔,2.33,Ｓ１
2025-10-04,27,京王閣,10,7,9,小川　賢人,2.98,Ｓ２
2025-10-04,27,京王閣,10,8,6,土生　敦弘,3.17,Ｓ２
2025-10-04,27,京王閣,10,9,8,石毛　克幸,3.98,Ｓ２
2025-10-04,27,京王閣,11,1,7,守澤　太志,1.71,Ｓ１
2025-10-04,27,京王閣,11,2,5,浅井　康太,1.95,Ｓ１
2025-10-04,27,京王閣,11,3,2,菅田　壱道,2.03,Ｓ１
2025-10-04,27,京王閣,11,4,3,田尾　駿介,2.08,Ｓ２
2025-10-04,27,京王閣,11,5,1,岡本　　総,2.30,Ｓ１
2025-10-04,27,京王閣,11,6,4,室井蓮太朗,2.54,Ｓ２
2025-10-04,27,京王閣,11,7,9,脇本　雄太,2.58,ＳＳ
2025-10-04,27,京王閣,11,8,6,梁島　邦友,3.15,Ｓ２
2025-10-04,27,京王閣,11,9,8,一戸　康宏,4.16,Ｓ２
2025-10-04,27,京王閣,12,1,1,寺沼　拓摩,1.56,Ｓ１
2025-10-04,27,京王閣,12,2,2,和田真久留,1.82,Ｓ１
2025-10-04,27,京王閣,12,3,4,堀内　俊介,2.07,Ｓ２
2025-10-04,27,京王閣,12,4,9,大川　龍二,2.21,Ｓ１
2025-10-04,27,京王閣,12,5,3,松浦　悠士,2.51,ＳＳ
2025-10-04,27,京王閣,12,6,7,眞杉　　匠,2.54,ＳＳ
2025-10-04,27,京王閣,12,7,5,高橋　　築,2.57,Ｓ１
2025-10-04,27,京王閣,12,8,6,稲吉　悠大,3.07,Ｓ２
2025-10-04,27,京王閣,12,9,8,伊藤　正樹,3.66,Ｓ２
2025-10-04,34,川崎,1,1,4,本村　隆文,1.39,Ａ２
2025-10-04,34,川崎,1,2,5,松尾　玄太,1.40,Ａ１
2025-10-04,34,川崎,1,3,1,東　　鉄也,1.44,Ａ２
2025-10-04,34,川崎,1,4,3,北川　大成,1.55,Ａ２
2025-10-04,34,川崎,1,5,2,樋口　瑛土,1.84,Ａ２
2025-10-04,34,川崎,1,6,7,田中　誇士,1.86,Ａ２
2025-10-04,34,川崎,1,7,6,市本　隆司,2.15,Ａ２
2025-10-04,34,川崎,2,1,1,山田　　武,1.44,Ａ２
2025-10-04,34,川崎,2,2,3,佐々木吉徳,1.67,Ａ１
2025-10-04,34,川崎,2,3,7,吉岡伸太郎,1.71,Ａ１
2025-10-04,34,川崎,2,4,5,井上　雄三,1.74,Ａ２
2025-10-04,34,川崎,2,5,2,川口　秀人,1.98,Ａ２
2025-10-04,34,川崎,2,6,4,渡邉　　満,1.98,Ａ２
2025-10-04,34,川崎,2,7,6,加美山隆行,2.71,Ａ２
2025-10-04,34,川崎,3,1,2,疋田　力也,1.37,Ａ１
2025-10-04,34,川崎,3,2,1,古屋　琢晶,1.44,Ａ１
2025-10-04,34,川崎,3,3,4,大矢　将大,1.44,Ａ１
2025-10-04,34,川崎,3,4,7,岩井　　芯,1.69,Ａ２
2025-10-04,34,川崎,3,5,5,高橋　泰裕,1.78,Ａ１
2025-10-04,34,川崎,3,6,3,阿部　充宏,2.10,Ａ２
2025-10-04,34,川崎,3,7,6,木本　賢二,3.24,Ａ２
2025-10-04,34,川崎,4,1,1,副島　和人,1.23,Ａ１
2025-10-04,34,川崎,4,2,2,栗田　貴徳,1.42,Ａ１
2025-10-04,34,川崎,4,3,3,塚本　勝士,1.55,Ａ２
2025-10-04,34,川崎,4,4,5,齋藤　雄行,1.59,Ａ１
2025-10-04,34,川崎,4,5,4,松下　綾馬,1.72,Ａ１
2025-10-04,34,川崎,4,6,7,山原　利秀,1.93,Ａ２
2025-10-04,34,川崎,4,7,6,荻野　　哲,2.98,Ａ２
2025-10-04,34,川崎,5,1,1,近藤　範昌,1.30,Ａ１
2025-10-04,34,川崎,5,2,3,中井　勇介,1.48,Ａ１
2025-10-04,34,川崎,5,3,5,中井　俊亮,1.50,Ａ１
2025-10-04,34,川崎,5,4,4,三澤　康人,1.56,Ａ１
2025-10-04,34,川崎,5,5,2,池邉　　聖,1.67,Ａ１
2025-10-04,34,川崎,5,6,7,八谷　誠賢,1.90,Ａ１
2025-10-04,34,川崎,5,7,6,大西　健士,2.00,Ａ２
2025-10-04,34,川崎,6,1,5,佐々木則幸,1.90,Ｓ２
2025-10-04,34,川崎,6,2,1,佐々木省司,1.90,Ｓ２
2025-10-04,34,川崎,6,3,7,那須　久幸,2.18,Ｓ２
2025-10-04,34,川崎,6,4,3,森山　智徳,2.31,Ｓ２
2025-10-04,34,川崎,6,5,2,藤田　昌宏,2.34,Ｓ２
2025-10-04,34,川崎,6,6,4,三宅　裕武,2.47,Ｓ２
2025-10-04,34,川崎,6,7,6,長田　祐弥,3.89,Ｓ２
2025-10-04,34,川崎,7,1,3,石丸　寛之,2.06,Ｓ２
2025-10-04,34,川崎,7,2,4,矢野　昌彦,2.13,Ｓ２
2025-10-04,34,川崎,7,3,5,小菅　　誠,2.34,Ｓ２
2025-10-04,34,川崎,7,4,2,吉田　健市,2.47,Ｓ２
2025-10-04,34,川崎,7,5,7,伊藤　世哉,2.69,Ｓ２
2025-10-04,34,川崎,7,6,1,太刀川一成,3.00,Ｓ２
2025-10-04,34,川崎,7,7,6,金ヶ江勇気,3.41,Ｓ２
2025-10-04,34,川崎,8,1,7,石川　裕二,1.88,Ｓ２
2025-10-04,34,川崎,8,2,5,飯野　祐太,2.15,Ｓ１
2025-10-04,34,川崎,8,3,1,原口　昌平,2.16,Ｓ２
2025-10-04,34,川崎,8,4,3,竹山　陵太,2.37,Ｓ２
2025-10-04,34,川崎,8,5,2,小畑　勝広,2.52,Ｓ２
2025-10-04,34,川崎,8,6,4,武藤　篤弘,2.90,Ｓ２
2025-10-04,34,川崎,8,7,6,照井　拓成,3.04,Ｓ２
2025-10-04,34,川崎,9,1,7,大石　剣士,1.77,Ｓ２
2025-10-04,34,川崎,9,2,2,佐々木堅次,1.89,Ｓ２
2025-10-04,34,川崎,9,3,3,清水　一幸,1.97,Ｓ２
2025-10-04,34,川崎,9,4,5,久田　裕也,2.22,Ｓ１
2025-10-04,34,川崎,9,5,1,塩島嵩一朗,2.39,Ｓ２
2025-10-04,34,川崎,9,6,4,小林　大介,2.61,Ｓ２
2025-10-04,34,川崎,9,7,6,田口　勇介,2.88,Ｓ２
2025-10-04,34,川崎,10,1,1,山口　泰生,1.88,Ｓ２
2025-10-04,34,川崎,10,2,3,神山　拓弥,1.92,Ｓ１
2025-10-04,34,川崎,10,3,5,鈴木　　裕,1.93,Ｓ１
2025-10-04,34,川崎,10,4,7,篠田　幸希,2.20,Ｓ２
2025-10-04,34,川崎,10,5,4,谷口　遼平,2.20,Ｓ１
2025-10-04,34,川崎,10,6,2,齋木　翔多,2.33,Ｓ２
2025-10-04,34,川崎,10,7,6,鷲田　佳史,3.51,Ｓ２
2025-10-04,34,川崎,11,1,1,山下　一輝,1.77,Ｓ２
2025-10-04,34,川崎,11,2,5,桑名　僚也,2.08,Ｓ２
2025-10-04,34,川崎,11,3,2,雨谷　一樹,2.21,Ｓ１
2025-10-04,34,川崎,11,4,3,新田　康仁,2.24,Ｓ１
2025-10-04,34,川崎,11,5,7,根田　空史,2.34,Ｓ１
2025-10-04,34,川崎,11,6,4,竹内　智彦,2.34,Ｓ１
2025-10-04,34,川崎,11,7,6,林　　昌幸,2.94,Ｓ２
2025-10-04,34,川崎,12,1,2,山形　一気,1.62,Ｓ１
2025-10-04,34,川崎,12,2,1,石塚　孝幸,1.67,Ｓ１
2025-10-04,34,川崎,12,3,5,青野　将大,2.32,Ｓ１
2025-10-04,34,川崎,12,4,4,立部　楓真,2.44,Ｓ２
2025-10-04,34,川崎,12,5,7,網谷　竜次,2.56,Ｓ２
2025-10-04,34,川崎,12,6,3,佐藤　　壮,2.59,Ｓ２
2025-10-04,34,川崎,12,7,6,鈴木　輝大,3.14,Ｓ２
2025-10-04,53,奈良,1,1,4,竹村　達也,-0.19,Ａ３
2025-10-04,53,奈良,1,2,3,小泉　俊也,-0.16,Ａ３
2025-10-04,53,奈良,1,3,1,高木　隆弘,-0.13,Ａ３
2025-10-04,53,奈良,1,4,2,高嶋　一朗,-0.12,Ａ３
2025-10-04,53,奈良,1,5,5,三浦平志郎,1.18,Ａ３
2025-10-04,53,奈良,2,1,3,志村　正洋,-0.21,Ａ３
2025-10-04,53,奈良,2,2,5,柴田　昌樹,-0.20,Ａ３
2025-10-04,53,奈良,2,3,1,上原　直樹,-0.16,Ａ３
2025-10-04,53,奈良,2,4,2,瀧本　匡平,-0.13,Ａ３
2025-10-04,53,奈良,2,5,4,堀内　　昇,-0.12,Ａ３
2025-10-04,53,奈良,2,6,6,永田　秀佑,0.61,Ａ３
2025-10-04,53,奈良,3,1,4,伊藤　之人,-0.18,Ａ３
2025-10-04,53,奈良,3,2,5,田中　智也,-0.15,Ａ３
2025-10-04,53,奈良,3,3,3,相澤　恵一,-0.12,Ａ３
2025-10-04,53,奈良,3,4,2,佐藤　有輝,-0.12,Ａ３
2025-10-04,53,奈良,3,5,1,三木　翔太,-0.11,Ａ３
2025-10-04,53,奈良,3,6,6,井上　典善,0.62,Ａ３
2025-10-04,53,奈良,3,7,7,保科　圭太,2.57,Ａ３
2025-10-04,53,奈良,4,1,3,徳吉　正治,-0.22,Ａ３
2025-10-04,53,奈良,4,2,5,重　　一徳,-0.17,Ａ３
2025-10-04,53,奈良,4,3,4,小林　寛弥,-0.13,Ａ３
2025-10-04,53,奈良,4,4,2,會田　正一,-0.08,Ａ３
2025-10-04,53,奈良,4,5,1,遠澤　健二,-0.01,Ａ３
2025-10-04,53,奈良,4,6,7,藤光　健一,0.69,Ａ３
2025-10-04,53,奈良,4,7,6,笹川　竜治,0.74,Ａ３
2025-10-04,53,奈良,5,1,4,深見　仁哉,-0.26,Ａ３
2025-10-04,53,奈良,5,2,2,中園　朋亨,-0.19,Ａ３
2025-10-04,53,奈良,5,3,1,伊藤　涼介,-0.18,Ａ３
2025-10-04,53,奈良,5,4,5,水谷　亮太,-0.13,Ａ３
2025-10-04,53,奈良,5,5,3,舘　　真成,-0.11,Ａ３
2025-10-04,53,奈良,5,6,7,茂木　和臣,0.25,Ａ３
2025-10-04,53,奈良,5,7,6,関谷　哲平,0.61,Ａ３
2025-10-04,53,奈良,6,1,5,渡辺　　馨,-0.23,Ａ３
2025-10-04,53,奈良,6,2,4,三浦　　綾,-0.22,Ａ３
2025-10-04,53,奈良,6,3,1,真木　寛斗,-0.14,Ａ３
2025-10-04,53,奈良,6,4,3,大竹野裕樹,-0.13,Ａ３
2025-10-04,53,奈良,6,5,2,山本　天平,-0.07,Ａ３
2025-10-04,53,奈良,6,6,7,松木　竜也,0.27,Ａ３
2025-10-04,53,奈良,6,7,6,武田　和也,0.53,Ａ３
2025-10-04,53,奈良,7,1,4,渡邊　颯太,-0.16,Ａ３
2025-10-04,53,奈良,7,2,5,森川　　剛,-0.11,Ａ３
2025-10-04,53,奈良,7,3,2,岡本　　翔,-0.07,Ａ３
2025-10-04,53,奈良,7,4,1,上杉　有弘,-0.05,Ａ３
2025-10-04,53,奈良,7,5,3,石黒　　健,0.01,Ａ３
2025-10-04,53,奈良,7,6,7,桂馬　将人,0.34,Ａ３
2025-10-04,53,奈良,7,7,6,白崎　芳典,0.72,Ａ３
2025-10-04,63,防府,1,1,5,天野　純平,1.52,Ａ２
2025-10-04,63,防府,1,2,7,浅沼　聖士,1.57,Ａ２
2025-10-04,63,防府,1,3,4,小林　大能,1.59,Ａ２
2025-10-04,63,防府,1,4,3,宮下　一歩,1.66,Ａ１
2025-10-04,63,防府,1,5,1,喜納　隆志,1.84,Ａ２
2025-10-04,63,防府,1,6,2,白川　将太,2.23,Ａ２
2025-10-04,63,防府,1,7,6,南　　大輔,2.89,Ａ２
2025-10-04,63,防府,2,1,4,森崎　英登,1.61,Ａ２
2025-10-04,63,防府,2,2,2,加藤　健一,1.61,Ａ２
2025-10-04,63,防府,2,3,5,飯塚　隼人,1.69,Ａ２
2025-10-04,63,防府,2,4,3,上吹越俊一,1.72,Ａ１
2025-10-04,63,防府,2,5,7,清水　邦章,1.80,Ａ１
2025-10-04,63,防府,2,6,1,有馬　雄二,2.23,Ａ２
2025-10-04,63,防府,2,7,6,吉田　昌弘,3.12,Ａ２
2025-10-04,63,防府,3,1,1,野村　　賢,1.13,Ａ２
2025-10-04,63,防府,3,2,3,平　　総一,1.57,Ａ２
2025-10-04,63,防府,3,3,5,橋本　勝弘,1.79,Ａ２
2025-10-04,63,防府,3,4,2,小坂　敏之,2.07,Ａ２
2025-10-04,63,防府,3,5,7,内藤　　敦,2.21,Ａ１
2025-10-04,63,防府,3,6,4,佐藤　　明,2.26,Ａ２
2025-10-04,63,防府,3,7,6,吉良　勝信,3.07,Ａ２
2025-10-04,63,防府,4,1,3,池田　浩士,1.42,Ａ１
2025-10-04,63,防府,4,2,5,四宮　哲郎,1.54,Ａ１
2025-10-04,63,防府,4,3,7,田川　翔琉,1.56,Ａ１
2025-10-04,63,防府,4,4,4,三宅　　旬,1.70,Ａ２
2025-10-04,63,防府,4,5,1,佐々木健司,1.95,Ａ２
2025-10-04,63,防府,4,6,6,冨岡　健一,2.10,Ａ２
2025-10-04,63,防府,4,7,2,行成　大祐,2.79,Ａ２
2025-10-04,63,防府,5,1,1,鈴木　　誠,1.35,Ａ１
2025-10-04,63,防府,5,2,5,三好　陽一,1.37,Ａ２
2025-10-04,63,防府,5,3,4,寺崎　祐樹,1.38,Ａ１
2025-10-04,63,防府,5,4,2,船瀬　惇平,1.48,Ａ２
2025-10-04,63,防府,5,5,3,福元　啓太,1.51,Ａ１
2025-10-04,63,防府,5,6,7,八尋　英輔,1.92,Ａ１
2025-10-04,63,防府,5,7,6,福田　拓也,2.11,Ａ２
2025-10-04,63,防府,6,1,1,薦田　将伍,1.31,Ａ１
2025-10-04,63,防府,6,2,7,仁藤　　秀,1.39,Ａ１
2025-10-04,63,防府,6,3,3,高橋　陽介,1.41,Ａ１
2025-10-04,63,防府,6,4,2,金田　涼馬,1.58,Ａ１
2025-10-04,63,防府,6,5,5,猪狩　祐樹,1.62,Ａ１
2025-10-04,63,防府,6,6,4,須藤　　悟,1.75,Ａ１
2025-10-04,63,防府,6,7,6,隅　　直幸,2.01,Ａ２
2025-10-04,63,防府,7,1,1,小林　信晴,1.29,Ａ１
2025-10-04,63,防府,7,2,4,齊藤英伊須,1.41,Ａ２
2025-10-04,63,防府,7,3,3,高塩　讓次,1.42,Ａ１
2025-10-04,63,防府,7,4,5,山口　聖矢,1.45,Ａ１
2025-10-04,63,防府,7,5,2,中川　聖大,1.48,Ａ１
2025-10-04,63,防府,7,6,7,坂本　晃輝,1.64,Ａ１
2025-10-04,63,防府,7,7,6,山信田　学,2.30,Ａ１
2025-10-04,73,小松島,1,1,1,山田　哲也,-0.22,Ａ３
2025-10-04,73,小松島,1,2,5,齋藤　　仁,-0.21,Ａ３
2025-10-04,73,小松島,1,3,3,吉松　賢二,-0.21,Ａ３
2025-10-04,73,小松島,1,4,4,古川　大輔,-0.20,Ａ３
2025-10-04,73,小松島,1,5,2,畠山　裕行,-0.18,Ａ３
2025-10-04,73,小松島,1,6,7,住村　　実,0.18,Ａ３
2025-10-04,73,小松島,1,7,6,村上　順規,0.55,Ａ３
2025-10-04,73,小松島,2,1,3,浜田　翔平,-0.22,Ａ３
2025-10-04,73,小松島,2,2,4,齋藤　和也,-0.20,Ａ３
2025-10-04,73,小松島,2,3,5,大澤　哉太,-0.17,Ａ３
2025-10-04,73,小松島,2,4,2,川本　恵二,-0.16,Ａ３
2025-10-04,73,小松島,2,5,1,片折　勇輝,-0.14,Ａ３
2025-10-04,73,小松島,2,6,7,下田　和美,0.32,Ａ３
2025-10-04,73,小松島,2,7,6,五十嵐博一,0.54,Ａ３
2025-10-04,73,小松島,3,1,5,角口　聖也,-0.11,Ａ３
2025-10-04,73,小松島,3,2,3,川添　輝彦,-0.08,Ａ３
2025-10-04,73,小松島,3,3,4,岡田　浩太,-0.08,Ａ３
2025-10-04,73,小松島,3,4,1,鈴木　孝征,-0.04,Ａ３
2025-10-04,73,小松島,3,5,2,早川　成矢,0.00,Ａ３
2025-10-04,73,小松島,3,6,7,梶原　亜湖,0.37,Ａ３
2025-10-04,73,小松島,3,7,6,吉澤　　賢,0.70,Ａ３
2025-10-04,73,小松島,4,1,1,村瀬　大和,-0.26,Ａ３
2025-10-04,73,小松島,4,2,5,仙石　　淳,-0.22,Ａ３
2025-10-04,73,小松島,4,3,4,松本　一成,-0.11,Ａ３
2025-10-04,73,小松島,4,4,2,岡崎　和久,0.01,Ａ３
2025-10-04,73,小松島,4,5,3,高尾　剛文,0.05,Ａ３
2025-10-04,73,小松島,4,6,7,宮原　貴之,0.24,Ａ３
2025-10-04,73,小松島,4,7,6,塚本　貴雄,0.58,Ａ３
2025-10-04,73,小松島,5,1,2,小西　涼太,-0.24,Ａ３
2025-10-04,73,小松島,5,2,4,古閑　良介,-0.21,Ａ３
2025-10-04,73,小松島,5,3,5,鳥丸　晃順,-0.19,Ａ３
2025-10-04,73,小松島,5,4,3,近藤　直幹,-0.16,Ａ３
2025-10-04,73,小松島,5,5,1,田村　裕也,-0.04,Ａ３
2025-10-04,73,小松島,5,6,6,垣外中勝哉,0.68,Ａ３
2025-10-04,73,小松島,5,7,7,秋永　共之,0.77,Ａ３
2025-10-04,73,小松島,6,1,5,東　　隆之,-0.23,Ａ３
2025-10-04,73,小松島,6,2,3,河野　　要,-0.20,Ａ３
2025-10-04,73,小松島,6,3,4,沢田　勇治,-0.20,Ａ３
2025-10-04,73,小松島,6,4,1,鈴木小次廊,-0.11,Ａ３
2025-10-04,73,小松島,6,5,2,原田　峻治,-0.02,Ａ３
2025-10-04,73,小松島,6,6,7,吉野　　猛,0.44,Ａ３
2025-10-04,73,小松島,6,7,6,菊池　崇訓,0.70,Ａ３
2025-10-04,73,小松島,7,1,3,井上　将志,-0.09,Ａ３
2025-10-04,73,小松島,7,2,2,須永　勝太,-0.05,Ａ３
2025-10-04,73,小松島,7,3,1,諸隈健太郎,-0.03,Ａ３
2025-10-04,73,小松島,7,4,4,武市　和人,-0.02,Ａ３
2025-10-04,73,小松島,7,5,5,倉岡慎太郎,0.01,Ａ３
2025-10-04,73,小松島,7,6,7,佐藤　康恭,0.36,Ａ３
2025-10-04,73,小松島,7,7,6,平川　公一,0.77,Ａ３
2025-10-04,84,武雄,1,1,2,在本　直樹,1.56,Ａ２
2025-10-04,84,武雄,1,2,4,中野　彰人,1.57,Ａ２
2025-10-04,84,武雄,1,3,3,高橋　幸司,1.62,Ａ１
2025-10-04,84,武雄,1,4,5,関根　彰人,2.07,Ａ２
2025-10-04,84,武雄,1,5,6,吉原　友彦,2.20,Ａ２
2025-10-04,84,武雄,1,6,1,吉成　貴博,2.65,Ａ２
2025-10-04,84,武雄,2,1,7,寺沼　将彦,1.40,Ａ１
2025-10-04,84,武雄,2,2,4,古川　貴之,1.40,Ａ１
2025-10-04,84,武雄,2,3,1,下沖　功児,1.45,Ａ２
2025-10-04,84,武雄,2,4,5,河村　章憲,1.56,Ａ１
2025-10-04,84,武雄,2,5,2,緑川　修平,1.66,Ａ１
2025-10-04,84,武雄,2,6,3,小林　史也,1.72,Ａ２
2025-10-04,84,武雄,2,7,6,興呂木雄治,2.34,Ａ２
2025-10-04,84,武雄,3,1,1,原井　剣也,1.49,Ａ１
2025-10-04,84,武雄,3,2,5,宇佐見裕輝,1.50,Ａ２
2025-10-04,84,武雄,3,3,7,藤野　貴章,1.54,Ａ２
2025-10-04,84,武雄,3,4,2,落合　達彦,1.66,Ａ１
2025-10-04,84,武雄,3,5,3,鳥越　靖弘,1.68,Ａ２
2025-10-04,84,武雄,3,6,4,吉岡　篤志,1.79,Ａ２
2025-10-04,84,武雄,3,7,6,黒田　大介,2.63,Ａ２
2025-10-04,84,武雄,4,1,1,愛敬　博之,1.24,Ａ１
2025-10-04,84,武雄,4,2,2,原田　泰志,1.37,Ａ１
2025-10-04,84,武雄,4,3,3,楢原　由将,1.48,Ａ２
2025-10-04,84,武雄,4,4,5,大利　航平,1.50,Ａ２
2025-10-04,84,武雄,4,5,7,貝原　涼太,1.72,Ａ２
2025-10-04,84,武雄,4,6,4,相澤　政宏,1.75,Ａ１
2025-10-04,84,武雄,4,7,6,園田　鉄兵,2.63,Ａ２
2025-10-04,84,武雄,5,1,1,伊東　翔貴,1.98,Ｓ２
2025-10-04,84,武雄,5,2,3,蒔田　英彦,2.12,Ｓ２
2025-10-04,84,武雄,5,3,7,菅野　航基,2.32,Ｓ２
2025-10-04,84,武雄,5,4,5,樫山　恭柄,2.70,Ｓ２
2025-10-04,84,武雄,5,5,4,富　　弥昭,2.81,Ｓ２
2025-10-04,84,武雄,5,6,2,良永　浩一,2.90,Ｓ２
2025-10-04,84,武雄,5,7,6,松坂　英司,3.22,Ｓ２
2025-10-04,84,武雄,6,1,1,松本　京太,1.93,Ｓ２
2025-10-04,84,武雄,6,2,7,小林　潤二,2.04,Ｓ２
2025-10-04,84,武雄,6,3,2,本郷　雄三,2.06,Ｓ２
2025-10-04,84,武雄,6,4,3,舘　　泰守,2.15,Ｓ２
2025-10-04,84,武雄,6,5,4,真鍋　顕汰,2.41,Ｓ２
2025-10-04,84,武雄,6,6,5,小川　圭二,2.45,Ｓ２
2025-10-04,84,武雄,6,7,6,高津　晃治,6.65,Ｓ２
2025-10-04,84,武雄,7,1,5,隅田　洋介,1.44,Ｓ１
2025-10-04,84,武雄,7,2,1,佐々木翔一,1.57,Ｓ２
2025-10-04,84,武雄,7,3,7,竹内　　翼,2.19,Ｓ２
2025-10-04,84,武雄,7,4,4,山本　浩成,2.31,Ｓ２
2025-10-04,84,武雄,7,5,3,宿口　潤平,2.33,Ｓ２
2025-10-04,84,武雄,7,6,6,小林　稜武,3.19,Ｓ２
2025-10-04,84,武雄,7,7,2,棚橋　　勉,3.21,Ｓ２
2025-10-04,84,武雄,8,1,7,佐藤愼太郎,2.02,Ｓ２
2025-10-04,84,武雄,8,2,1,大崎飛雄馬,2.08,Ｓ２
2025-10-04,84,武雄,8,3,3,谷　　和也,2.22,Ｓ１
2025-10-04,84,武雄,8,4,4,山下　　渡,2.23,Ｓ２
2025-10-04,84,武雄,8,5,5,島川　将貴,2.32,Ｓ１
2025-10-04,84,武雄,8,6,2,関　　貴之,2.46,Ｓ２
2025-10-04,84,武雄,8,7,6,蕗澤鴻太郎,3.34,Ｓ２
2025-10-04,84,武雄,9,1,1,坂本健太郎,1.84,Ｓ１
2025-10-04,84,武雄,9,2,7,青柳　靖起,1.95,Ｓ２
2025-10-04,84,武雄,9,3,4,佐藤　雅春,2.27,Ｓ２
2025-10-04,84,武雄,9,4,3,高原　仁志,2.42,Ｓ２
2025-10-04,84,武雄,9,5,2,澤田　義和,2.47,Ｓ２
2025-10-04,84,武雄,9,6,5,昼田　達哉,2.71,Ｓ２
2025-10-04,84,武雄,9,7,6,仲野　結音,2.79,Ｓ２
2025-10-04,84,武雄,10,1,1,渡部　幸訓,1.83,Ｓ１
2025-10-04,84,武雄,10,2,2,久島　尚樹,1.98,Ｓ２
2025-10-04,84,武雄,10,3,3,小堺　浩二,2.14,Ｓ２
2025-10-04,84,武雄,10,4,7,嵯峨昇喜郎,2.15,Ｓ２
2025-10-04,84,武雄,10,5,5,海老根恵太,2.49,Ｓ１
2025-10-04,84,武雄,10,6,4,坂田　康季,2.65,Ｓ２
2025-10-04,84,武雄,10,7,6,長屋　秀明,2.79,Ｓ２
2025-10-04,84,武雄,11,1,1,山崎　泰己,1.54,Ａ１
2025-10-04,84,武雄,11,2,7,中川　繁樹,1.95,Ａ１
2025-10-04,84,武雄,11,3,3,森本桂太郎,1.97,Ａ１
2025-10-04,84,武雄,11,4,2,西岡　正一,1.97,Ａ１
2025-10-04,84,武雄,11,5,5,藤原俊太郎,2.13,Ａ１
2025-10-04,84,武雄,11,6,6,長野　魅切,2.46,Ａ２
2025-10-04,84,武雄,11,7,4,山田　雄大,2.81,Ａ１
2025-10-04,84,武雄,12,1,1,山田　英明,1.74,Ｓ１
2025-10-04,84,武雄,12,2,3,中川誠一郎,1.89,Ｓ１
2025-10-04,84,武雄,12,3,2,久米　　良,1.91,Ｓ１
2025-10-04,84,武雄,12,4,5,志智　俊夫,2.13,Ｓ１
2025-10-04,84,武雄,12,5,7,緒方　将樹,2.55,Ｓ２
2025-10-04,84,武雄,12,6,4,阿部　力也,2.68,Ｓ２
2025-10-04,84,武雄,12,7,6,田中　　誠,2.81,Ｓ２
